Order ID,Customer ID,Product ID,Sales Representative,Order Date,Quantity Sold,Unit Price,Revenue,Discount,Profit,Sales Status
ORD-00001,CUST-0149,PROD-0036,Emily Davis,2023-04-19,2,662.99,1180.12,0.11,404.72,Cancelled
ORD-00002,CUST-0122,PROD-0033,Jessica Martinez,2023-09-12,2,121.21,215.75,0.11,74.06,Completed
ORD-00003,CUST-0166,PROD-0012,Michael Brown,2023-06-01,15,571.6,6430.55,0.25,1654.07,Cancelled
ORD-00004,CUST-0235,PROD-0019,Jessica Martinez,2023-01-17,11,496.37,4531.87,0.17,524.38,Completed
ORD-00005,CUST-0025,PROD-0036,Michael Brown,2022-12-04,10,597.93,5620.58,0.06,1997.95,Cancelled
ORD-00006,CUST-0150,PROD-0043,James Anderson,2022-03-25,12,67.91,749.7,0.08,222.52,Pending
ORD-00007,CUST-0182,PROD-0006,Michael Brown,2023-09-02,13,501.89,5480.68,0.16,1088.15,Completed
ORD-00008,CUST-0172,PROD-0028,Emily Davis,2023-10-24,1,200.07,182.06,0.09,28.05,Cancelled
ORD-00009,CUST-0125,PROD-0013,Sarah Johnson,2024-02-24,5,487.05,2337.84,0.04,441.24,Completed
ORD-00010,CUST-0087,PROD-0050,Michael Brown,2023-11-09,20,82.47,1501.01,0.09,223.16,Refunded
ORD-00011,CUST-0106,PROD-0024,Ashley Taylor,2022-02-14,8,69.86,424.73,0.24,120.27,Pending
ORD-00012,CUST-0062,PROD-0020,Ashley Taylor,2023-07-01,16,509.23,6273.76,0.23,992.54,Refunded
ORD-00013,CUST-0073,PROD-0050,Emily Davis,2024-02-27,17,74.6,1141.44,0.1,169.64,Pending
ORD-00014,CUST-0065,PROD-0004,Sarah Johnson,2024-06-12,12,56.35,581.5,0.14,76.05,Cancelled
ORD-00015,CUST-0196,PROD-0011,Emily Davis,2022-03-27,17,166.26,2713.3,0.04,627.43,Refunded
ORD-00016,CUST-0239,PROD-0002,Sarah Johnson,2022-12-24,13,541.81,6127.88,0.13,1046.23,Cancelled
ORD-00017,CUST-0008,PROD-0021,David Wilson,2022-08-18,11,451.32,3971.63,0.2,561.11,Refunded
ORD-00018,CUST-0213,PROD-0009,Sarah Johnson,2023-12-14,16,869.85,12386.68,0.11,1258.18,Completed
ORD-00019,CUST-0056,PROD-0010,David Wilson,2022-09-20,20,666.14,11590.78,0.13,1545.7,Pending
ORD-00020,CUST-0032,PROD-0004,Ashley Taylor,2022-11-05,20,47.26,841.3,0.11,112.11,Completed
ORD-00021,CUST-0132,PROD-0037,Jessica Martinez,2023-10-10,5,231.72,1077.49,0.07,108.25,Pending
ORD-00022,CUST-0107,PROD-0012,John Smith,2023-08-08,3,760.07,1983.78,0.13,412.99,Refunded
ORD-00023,CUST-0121,PROD-0003,Sarah Johnson,2024-06-13,12,560.75,6325.21,0.06,663.34,Cancelled
ORD-00024,CUST-0188,PROD-0043,John Smith,2022-09-04,19,84.45,1315.71,0.18,262.82,Cancelled
ORD-00025,CUST-0087,PROD-0042,Michael Brown,2023-07-14,15,75.65,851.08,0.25,207.29,Pending
ORD-00026,CUST-0184,PROD-0050,Emily Davis,2022-03-06,2,93.32,173.58,0.07,19.64,Completed
ORD-00027,CUST-0239,PROD-0020,Emily Davis,2022-11-20,18,428.01,6779.73,0.12,752.46,Cancelled
ORD-00028,CUST-0221,PROD-0050,James Anderson,2023-01-01,11,63.47,649.33,0.07,220.64,Refunded
ORD-00029,CUST-0113,PROD-0025,David Wilson,2024-02-01,6,673.46,3555.85,0.12,886.32,Completed
ORD-00030,CUST-0109,PROD-0006,Sarah Johnson,2024-01-15,6,529.93,2734.43,0.14,536.94,Cancelled
ORD-00031,CUST-0076,PROD-0020,Ashley Taylor,2023-11-08,14,415.48,5584.06,0.04,1302.05,Completed
ORD-00032,CUST-0223,PROD-0023,John Smith,2024-01-15,14,94.65,1232.38,0.07,485.57,Completed
ORD-00033,CUST-0164,PROD-0026,Ashley Taylor,2023-11-19,6,253.51,1156.0,0.24,165.12,Completed
ORD-00034,CUST-0018,PROD-0016,John Smith,2022-05-10,12,57.66,629.59,0.09,242.29,Pending
ORD-00035,CUST-0116,PROD-0024,James Anderson,2023-11-27,3,61.46,158.58,0.14,41.05,Cancelled
ORD-00036,CUST-0072,PROD-0016,James Anderson,2023-10-28,1,61.64,50.54,0.18,12.62,Completed
ORD-00037,CUST-0199,PROD-0017,Ashley Taylor,2022-09-26,7,895.18,4699.67,0.25,872.6,Pending
ORD-00038,CUST-0035,PROD-0005,Jessica Martinez,2022-05-06,15,123.62,1390.78,0.25,477.25,Cancelled
ORD-00039,CUST-0017,PROD-0036,Michael Brown,2023-12-28,10,565.81,4469.93,0.21,1401.51,Cancelled
ORD-00040,CUST-0058,PROD-0008,Jessica Martinez,2023-06-05,5,898.96,4225.1,0.06,1048.7,Cancelled
ORD-00041,CUST-0206,PROD-0036,Ashley Taylor,2023-04-24,3,468.56,1377.57,0.02,302.3,Refunded
ORD-00042,CUST-0105,PROD-0037,Jessica Martinez,2024-02-27,11,213.15,1969.52,0.16,462.82,Pending
ORD-00043,CUST-0213,PROD-0050,James Anderson,2024-06-18,19,80.25,1448.5,0.05,564.74,Completed
ORD-00044,CUST-0032,PROD-0034,Emily Davis,2024-05-01,6,470.47,2709.89,0.04,1030.9,Cancelled
ORD-00045,CUST-0230,PROD-0019,David Wilson,2023-06-16,9,597.77,5110.93,0.05,1977.45,Pending
ORD-00046,CUST-0078,PROD-0040,Michael Brown,2023-10-03,17,32.1,458.34,0.16,127.21,Pending
ORD-00047,CUST-0160,PROD-0047,John Smith,2023-11-06,11,627.84,5455.93,0.21,1468.11,Completed
ORD-00048,CUST-0243,PROD-0042,James Anderson,2022-02-16,9,97.84,739.64,0.16,244.15,Completed
ORD-00049,CUST-0228,PROD-0041,James Anderson,2023-05-25,10,255.41,2247.64,0.12,767.36,Cancelled
ORD-00050,CUST-0019,PROD-0045,Jessica Martinez,2023-04-10,15,168.78,2278.47,0.1,545.31,Pending
ORD-00051,CUST-0221,PROD-0046,Jessica Martinez,2022-11-17,12,147.48,1344.99,0.24,187.26,Completed
ORD-00052,CUST-0062,PROD-0030,David Wilson,2022-11-23,15,639.6,9018.36,0.06,1163.76,Refunded
ORD-00053,CUST-0158,PROD-0027,Jessica Martinez,2024-06-03,6,626.6,3007.66,0.2,1143.29,Pending
ORD-00054,CUST-0041,PROD-0032,John Smith,2024-02-21,15,430.83,5686.97,0.12,1095.1,Completed
ORD-00055,CUST-0130,PROD-0030,David Wilson,2023-02-07,7,912.34,5428.4,0.15,622.08,Refunded
ORD-00056,CUST-0226,PROD-0042,James Anderson,2023-09-04,10,94.17,819.27,0.13,290.15,Pending
ORD-00057,CUST-0187,PROD-0024,Emily Davis,2022-09-28,12,72.27,858.55,0.01,99.03,Cancelled
ORD-00058,CUST-0074,PROD-0005,Sarah Johnson,2023-07-21,15,120.11,1459.31,0.19,268.39,Pending
ORD-00059,CUST-0101,PROD-0024,Michael Brown,2022-04-10,11,73.12,691.76,0.14,145.05,Pending
ORD-00060,CUST-0131,PROD-0026,Ashley Taylor,2023-09-09,2,269.12,532.87,0.01,167.36,Refunded
ORD-00061,CUST-0156,PROD-0033,David Wilson,2022-06-02,20,120.54,2217.87,0.08,483.24,Cancelled
ORD-00062,CUST-0213,PROD-0033,Jessica Martinez,2023-06-04,19,144.23,2548.57,0.07,878.55,Cancelled
ORD-00063,CUST-0029,PROD-0027,Emily Davis,2023-11-21,1,726.42,617.46,0.15,110.93,Completed
ORD-00064,CUST-0123,PROD-0011,Emily Davis,2023-08-21,20,185.88,3011.3,0.19,644.59,Completed
ORD-00065,CUST-0243,PROD-0045,James Anderson,2023-08-10,1,173.18,154.13,0.11,34.78,Pending
ORD-00066,CUST-0129,PROD-0050,John Smith,2023-02-25,16,82.25,1026.54,0.22,329.26,Pending
ORD-00067,CUST-0054,PROD-0036,Michael Brown,2023-06-16,16,514.61,7163.39,0.13,1390.6,Refunded
ORD-00068,CUST-0088,PROD-0035,Emily Davis,2023-06-30,9,101.81,778.86,0.15,122.81,Cancelled
ORD-00069,CUST-0077,PROD-0015,Ashley Taylor,2023-07-26,10,449.89,3644.14,0.19,1135.04,Cancelled
ORD-00070,CUST-0090,PROD-0036,James Anderson,2023-05-07,9,658.15,5508.67,0.07,1498.6,Refunded
ORD-00071,CUST-0089,PROD-0050,Sarah Johnson,2024-04-18,10,88.69,878.03,0.01,339.44,Cancelled
ORD-00072,CUST-0168,PROD-0017,David Wilson,2023-03-29,7,910.31,6053.56,0.05,1583.45,Pending
ORD-00073,CUST-0158,PROD-0048,Emily Davis,2022-04-22,8,74.35,588.86,0.01,218.79,Pending
ORD-00074,CUST-0026,PROD-0027,John Smith,2022-02-23,16,651.01,10103.63,0.03,3346.62,Pending
ORD-00075,CUST-0168,PROD-0031,David Wilson,2023-02-21,7,129.95,736.83,0.19,137.18,Completed
ORD-00076,CUST-0023,PROD-0042,John Smith,2024-02-27,18,90.51,1335.88,0.18,474.37,Pending
ORD-00077,CUST-0226,PROD-0012,Ashley Taylor,2023-03-04,2,841.32,1261.98,0.25,276.5,Pending
ORD-00078,CUST-0247,PROD-0019,Jessica Martinez,2024-02-06,1,604.58,562.26,0.07,157.9,Cancelled
ORD-00079,CUST-0165,PROD-0035,Emily Davis,2023-04-11,5,109.64,433.08,0.21,104.12,Completed
ORD-00080,CUST-0042,PROD-0047,Jessica Martinez,2022-12-05,9,527.02,3889.38,0.18,405.37,Cancelled
ORD-00081,CUST-0173,PROD-0049,James Anderson,2023-08-05,20,371.15,5864.11,0.21,2164.52,Cancelled
ORD-00082,CUST-0103,PROD-0043,John Smith,2022-03-30,5,66.34,291.91,0.12,111.14,Cancelled
ORD-00083,CUST-0061,PROD-0029,John Smith,2023-01-28,11,850.3,8605.08,0.08,2726.65,Cancelled
ORD-00084,CUST-0093,PROD-0045,David Wilson,2023-11-01,4,184.3,648.75,0.12,95.96,Completed
ORD-00085,CUST-0235,PROD-0019,Michael Brown,2023-10-17,8,491.98,3739.02,0.05,523.73,Refunded
ORD-00086,CUST-0156,PROD-0024,Emily Davis,2024-02-05,18,62.67,868.65,0.23,284.23,Pending
ORD-00087,CUST-0194,PROD-0039,Jessica Martinez,2023-11-28,3,678.09,1769.82,0.13,457.41,Completed
ORD-00088,CUST-0029,PROD-0004,Michael Brown,2023-08-01,17,60.58,978.34,0.05,255.34,Cancelled
ORD-00089,CUST-0134,PROD-0029,Ashley Taylor,2024-05-24,7,642.68,3688.99,0.18,909.88,Completed
ORD-00090,CUST-0034,PROD-0033,David Wilson,2023-04-10,19,137.17,2580.25,0.01,615.94,Completed
ORD-00091,CUST-0066,PROD-0001,Sarah Johnson,2023-02-10,19,347.3,6466.79,0.02,1468.67,Completed
ORD-00092,CUST-0240,PROD-0031,James Anderson,2022-03-12,14,105.14,1413.12,0.04,198.73,Cancelled
ORD-00093,CUST-0115,PROD-0025,Sarah Johnson,2023-01-27,18,684.68,11954.55,0.03,4280.76,Pending
ORD-00094,CUST-0101,PROD-0034,David Wilson,2023-07-05,8,464.46,2935.39,0.21,959.44,Refunded
ORD-00095,CUST-0185,PROD-0035,Jessica Martinez,2023-11-21,13,105.03,1078.63,0.21,187.96,Pending
ORD-00096,CUST-0049,PROD-0047,John Smith,2022-10-10,2,596.78,954.84,0.2,215.58,Pending
ORD-00097,CUST-0018,PROD-0007,John Smith,2022-07-31,15,199.82,2547.67,0.15,792.29,Pending
ORD-00098,CUST-0012,PROD-0026,John Smith,2024-01-29,18,262.15,4482.7,0.05,1609.82,Pending
ORD-00099,CUST-0075,PROD-0015,Jessica Martinez,2023-05-31,19,429.69,7510.92,0.08,2098.37,Pending
ORD-00100,CUST-0225,PROD-0010,John Smith,2022-11-06,17,787.1,12577.85,0.06,2391.68,Pending
ORD-00101,CUST-0174,PROD-0028,James Anderson,2023-10-04,2,204.08,310.2,0.24,118.64,Cancelled
ORD-00102,CUST-0107,PROD-0027,Emily Davis,2023-12-15,13,597.12,7374.39,0.05,1927.51,Pending
ORD-00103,CUST-0220,PROD-0046,James Anderson,2022-11-04,15,135.62,1566.43,0.23,420.92,Pending
ORD-00104,CUST-0063,PROD-0017,Sarah Johnson,2023-02-02,3,720.17,1663.6,0.23,589.15,Pending
ORD-00105,CUST-0069,PROD-0025,Emily Davis,2022-02-22,20,776.07,15366.22,0.01,1872.15,Refunded
ORD-00106,CUST-0223,PROD-0022,Sarah Johnson,2022-08-02,1,246.72,234.38,0.05,36.8,Refunded
ORD-00107,CUST-0179,PROD-0039,David Wilson,2022-09-06,13,636.03,6366.64,0.23,1691.13,Refunded
ORD-00108,CUST-0137,PROD-0042,Ashley Taylor,2023-04-23,9,82.51,675.74,0.09,246.54,Completed
ORD-00109,CUST-0185,PROD-0031,James Anderson,2024-04-02,11,145.77,1234.68,0.23,260.78,Completed
ORD-00110,CUST-0222,PROD-0015,James Anderson,2023-07-31,1,417.71,388.47,0.07,147.78,Cancelled
ORD-00111,CUST-0051,PROD-0022,Jessica Martinez,2022-06-06,19,238.36,3577.85,0.21,893.71,Cancelled
ORD-00112,CUST-0211,PROD-0032,Jessica Martinez,2024-02-21,16,426.38,6003.47,0.12,1920.1,Pending
ORD-00113,CUST-0185,PROD-0035,John Smith,2022-05-24,18,107.98,1457.77,0.25,564.41,Completed
ORD-00114,CUST-0172,PROD-0004,Sarah Johnson,2024-04-17,14,59.12,802.92,0.03,232.21,Pending
ORD-00115,CUST-0056,PROD-0033,Ashley Taylor,2022-01-10,2,139.62,237.36,0.15,71.21,Refunded
ORD-00116,CUST-0002,PROD-0035,David Wilson,2022-01-17,1,110.9,110.9,0.0,35.12,Completed
ORD-00117,CUST-0209,PROD-0045,Michael Brown,2023-05-30,6,222.84,1296.94,0.03,167.17,Pending
ORD-00118,CUST-0159,PROD-0034,Jessica Martinez,2022-07-16,12,493.73,5510.05,0.07,1207.08,Refunded
ORD-00119,CUST-0145,PROD-0016,Sarah Johnson,2023-04-16,8,62.29,463.41,0.07,161.46,Completed
ORD-00120,CUST-0104,PROD-0025,Michael Brown,2022-04-06,16,685.15,10852.77,0.01,1116.05,Completed
ORD-00121,CUST-0217,PROD-0028,Sarah Johnson,2023-05-27,11,211.61,2001.82,0.14,715.43,Completed
ORD-00122,CUST-0055,PROD-0045,David Wilson,2022-08-24,16,241.64,3595.61,0.07,1356.44,Completed
ORD-00123,CUST-0238,PROD-0021,James Anderson,2022-07-03,7,303.17,1803.88,0.15,587.48,Completed
ORD-00124,CUST-0042,PROD-0037,James Anderson,2022-11-03,13,231.56,2498.49,0.17,655.03,Pending
ORD-00125,CUST-0177,PROD-0047,Sarah Johnson,2024-03-20,12,440.44,5232.39,0.01,1209.34,Cancelled
ORD-00126,CUST-0197,PROD-0040,David Wilson,2023-09-12,13,37.75,373.01,0.24,73.82,Refunded
ORD-00127,CUST-0059,PROD-0023,James Anderson,2023-05-18,13,92.29,1067.75,0.11,324.5,Completed
ORD-00128,CUST-0159,PROD-0019,Michael Brown,2024-03-01,3,587.18,1726.31,0.02,252.5,Refunded
ORD-00129,CUST-0093,PROD-0007,Sarah Johnson,2022-11-21,10,158.86,1413.84,0.11,464.31,Pending
ORD-00130,CUST-0048,PROD-0028,Sarah Johnson,2022-03-31,18,195.03,3054.12,0.13,400.05,Cancelled
ORD-00131,CUST-0024,PROD-0039,James Anderson,2023-07-22,11,609.77,5231.83,0.22,542.55,Refunded
ORD-00132,CUST-0022,PROD-0047,James Anderson,2024-03-08,8,627.64,4318.19,0.14,651.51,Pending
ORD-00133,CUST-0069,PROD-0020,James Anderson,2022-05-23,5,383.46,1878.94,0.02,432.91,Cancelled
ORD-00134,CUST-0201,PROD-0005,Emily Davis,2023-05-11,8,118.76,779.05,0.18,193.78,Refunded
ORD-00135,CUST-0035,PROD-0020,Jessica Martinez,2022-04-20,13,336.26,4021.63,0.08,1150.42,Refunded
ORD-00136,CUST-0111,PROD-0042,Emily Davis,2022-12-09,5,105.4,484.84,0.08,136.22,Refunded
ORD-00137,CUST-0046,PROD-0026,Emily Davis,2022-11-18,10,322.63,2645.56,0.18,766.87,Cancelled
ORD-00138,CUST-0072,PROD-0026,Michael Brown,2023-01-21,19,253.7,4579.35,0.05,1827.98,Completed
ORD-00139,CUST-0119,PROD-0046,James Anderson,2024-01-15,10,140.05,1106.36,0.21,133.59,Refunded
ORD-00140,CUST-0163,PROD-0020,Sarah Johnson,2022-05-23,5,378.7,1552.66,0.18,522.82,Refunded
ORD-00141,CUST-0123,PROD-0038,James Anderson,2023-09-05,17,108.73,1423.24,0.23,513.63,Completed
ORD-00142,CUST-0248,PROD-0024,Sarah Johnson,2024-03-20,18,70.55,1079.46,0.15,404.06,Pending
ORD-00143,CUST-0171,PROD-0023,James Anderson,2023-11-05,20,77.48,1534.09,0.01,606.09,Cancelled
ORD-00144,CUST-0111,PROD-0007,Emily Davis,2024-03-26,9,152.26,1288.1,0.06,417.42,Refunded
ORD-00145,CUST-0101,PROD-0030,John Smith,2023-01-19,19,849.55,13397.36,0.17,1945.61,Refunded
ORD-00146,CUST-0076,PROD-0027,Michael Brown,2022-04-18,3,826.67,2405.62,0.03,919.43,Cancelled
ORD-00147,CUST-0088,PROD-0030,Ashley Taylor,2022-11-16,17,853.4,12766.88,0.12,3100.42,Refunded
ORD-00148,CUST-0018,PROD-0020,Sarah Johnson,2022-11-23,4,343.1,1358.66,0.01,275.7,Pending
ORD-00149,CUST-0063,PROD-0034,Ashley Taylor,2024-01-29,6,475.48,2624.68,0.08,598.19,Pending
ORD-00150,CUST-0104,PROD-0041,Emily Davis,2024-03-27,14,217.03,2734.52,0.1,878.37,Refunded
ORD-00151,CUST-0110,PROD-0025,Sarah Johnson,2023-08-30,7,570.86,3796.19,0.05,1236.41,Completed
ORD-00152,CUST-0224,PROD-0035,Ashley Taylor,2024-03-29,11,94.11,983.43,0.05,131.96,Cancelled
ORD-00153,CUST-0100,PROD-0040,Michael Brown,2023-09-04,4,30.2,109.94,0.09,38.88,Cancelled
ORD-00154,CUST-0152,PROD-0006,Michael Brown,2023-09-22,11,585.87,6251.22,0.03,1197.82,Cancelled
ORD-00155,CUST-0037,PROD-0033,Michael Brown,2023-12-12,20,135.55,2629.61,0.03,565.66,Refunded
ORD-00156,CUST-0138,PROD-0045,Michael Brown,2023-10-13,6,244.42,1261.22,0.14,311.39,Pending
ORD-00157,CUST-0216,PROD-0029,Emily Davis,2022-11-19,12,806.55,7355.75,0.24,1804.97,Refunded
ORD-00158,CUST-0130,PROD-0042,Ashley Taylor,2023-07-30,16,87.56,1260.86,0.1,443.78,Pending
ORD-00159,CUST-0145,PROD-0002,David Wilson,2022-03-26,8,632.66,4707.02,0.07,858.82,Pending
ORD-00160,CUST-0118,PROD-0037,Sarah Johnson,2024-03-10,16,286.98,3948.8,0.14,528.99,Cancelled
ORD-00161,CUST-0140,PROD-0024,Emily Davis,2024-03-04,2,66.15,107.17,0.19,24.91,Refunded
ORD-00162,CUST-0189,PROD-0042,David Wilson,2022-04-15,10,97.1,757.41,0.22,83.06,Cancelled
ORD-00163,CUST-0210,PROD-0006,Jessica Martinez,2024-06-01,4,531.89,1723.32,0.19,294.83,Refunded
ORD-00164,CUST-0158,PROD-0009,David Wilson,2022-06-19,7,878.5,4919.6,0.2,1333.32,Pending
ORD-00165,CUST-0181,PROD-0019,Sarah Johnson,2022-11-28,9,474.68,3246.81,0.24,825.74,Pending
ORD-00166,CUST-0202,PROD-0027,Michael Brown,2024-02-08,9,826.14,5799.54,0.22,800.72,Pending
ORD-00167,CUST-0183,PROD-0021,David Wilson,2022-05-30,13,434.75,4973.59,0.12,1358.92,Refunded
ORD-00168,CUST-0116,PROD-0005,Jessica Martinez,2023-01-20,3,133.35,360.03,0.1,116.99,Refunded
ORD-00169,CUST-0084,PROD-0038,Jessica Martinez,2023-05-15,3,89.55,220.28,0.18,52.32,Completed
ORD-00170,CUST-0137,PROD-0026,Jessica Martinez,2024-03-25,14,236.9,2620.11,0.21,650.87,Cancelled
ORD-00171,CUST-0141,PROD-0037,John Smith,2022-12-12,16,219.43,2808.66,0.2,1034.28,Completed
ORD-00172,CUST-0161,PROD-0030,James Anderson,2022-04-12,6,605.28,3232.17,0.11,323.87,Pending
ORD-00173,CUST-0233,PROD-0009,David Wilson,2023-12-07,10,910.85,8744.18,0.04,3321.19,Completed
ORD-00174,CUST-0093,PROD-0017,Emily Davis,2023-11-02,6,677.91,4026.79,0.01,1158.43,Refunded
ORD-00175,CUST-0024,PROD-0046,Emily Davis,2023-11-03,7,132.29,814.9,0.12,113.93,Refunded
ORD-00176,CUST-0003,PROD-0045,Michael Brown,2022-01-10,4,193.75,581.25,0.25,131.77,Refunded
ORD-00177,CUST-0059,PROD-0025,David Wilson,2022-03-14,4,596.88,2315.91,0.03,486.96,Pending
ORD-00178,CUST-0199,PROD-0049,Michael Brown,2023-01-27,5,494.48,2422.96,0.02,651.75,Refunded
ORD-00179,CUST-0185,PROD-0014,Ashley Taylor,2022-12-26,5,165.93,638.82,0.23,181.95,Pending
ORD-00180,CUST-0230,PROD-0007,James Anderson,2022-03-30,4,162.81,553.56,0.15,119.13,Cancelled
ORD-00181,CUST-0036,PROD-0016,David Wilson,2024-03-21,3,46.68,131.65,0.06,36.9,Completed
ORD-00182,CUST-0217,PROD-0043,James Anderson,2024-05-18,7,92.86,565.52,0.13,143.0,Cancelled
ORD-00183,CUST-0014,PROD-0016,Sarah Johnson,2023-10-24,4,51.45,193.45,0.06,56.38,Completed
ORD-00184,CUST-0240,PROD-0021,Michael Brown,2023-01-05,19,322.0,5445.08,0.11,1436.99,Refunded
ORD-00185,CUST-0019,PROD-0002,John Smith,2024-02-28,1,582.94,542.13,0.07,60.69,Refunded
ORD-00186,CUST-0074,PROD-0041,Michael Brown,2023-06-03,14,273.17,3403.72,0.11,751.14,Cancelled
ORD-00187,CUST-0080,PROD-0006,Jessica Martinez,2022-03-27,7,548.62,2918.66,0.24,427.91,Refunded
ORD-00188,CUST-0163,PROD-0049,Emily Davis,2023-08-24,3,487.25,1344.8,0.08,310.98,Completed
ORD-00189,CUST-0023,PROD-0028,Michael Brown,2022-09-08,20,166.88,2836.88,0.15,546.91,Completed
ORD-00190,CUST-0182,PROD-0009,David Wilson,2022-01-13,6,850.78,4492.14,0.12,916.45,Pending
ORD-00191,CUST-0033,PROD-0048,John Smith,2023-01-16,9,80.26,592.33,0.18,80.21,Cancelled
ORD-00192,CUST-0110,PROD-0018,Sarah Johnson,2024-04-06,9,76.68,565.93,0.18,154.5,Refunded
ORD-00193,CUST-0131,PROD-0024,Sarah Johnson,2023-04-12,19,52.74,961.9,0.04,141.58,Completed
ORD-00194,CUST-0190,PROD-0033,James Anderson,2022-08-22,1,112.25,105.52,0.06,25.49,Pending
ORD-00195,CUST-0239,PROD-0003,Jessica Martinez,2022-07-03,14,542.12,7134.29,0.06,1244.78,Cancelled
ORD-00196,CUST-0020,PROD-0037,Emily Davis,2024-04-25,17,246.16,3473.38,0.17,402.22,Completed
ORD-00197,CUST-0018,PROD-0030,John Smith,2023-02-15,10,879.82,8094.32,0.08,2152.5,Cancelled
ORD-00198,CUST-0075,PROD-0037,Ashley Taylor,2022-07-25,20,291.61,5482.3,0.06,1153.93,Pending
ORD-00199,CUST-0231,PROD-0035,John Smith,2024-01-21,8,120.51,925.54,0.04,351.45,Pending
ORD-00200,CUST-0089,PROD-0041,James Anderson,2023-07-09,1,286.67,217.87,0.24,21.88,Cancelled
ORD-00201,CUST-0053,PROD-0034,Michael Brown,2022-04-17,14,664.75,8189.7,0.12,966.13,Cancelled
ORD-00202,CUST-0012,PROD-0015,Ashley Taylor,2022-04-06,17,442.79,6774.66,0.1,2497.64,Completed
ORD-00203,CUST-0025,PROD-0033,James Anderson,2023-08-18,13,120.16,1530.81,0.02,413.85,Pending
ORD-00204,CUST-0075,PROD-0017,Jessica Martinez,2022-08-31,13,946.51,10089.82,0.18,3234.86,Refunded
ORD-00205,CUST-0060,PROD-0005,Michael Brown,2022-10-06,5,149.94,607.25,0.19,167.24,Completed
ORD-00206,CUST-0116,PROD-0030,Emily Davis,2022-06-18,4,701.47,2441.13,0.13,950.55,Refunded
ORD-00207,CUST-0119,PROD-0017,John Smith,2022-11-12,3,947.06,2727.53,0.04,834.12,Pending
ORD-00208,CUST-0220,PROD-0021,John Smith,2024-05-05,8,324.65,1973.87,0.24,432.03,Cancelled
ORD-00209,CUST-0210,PROD-0012,Emily Davis,2022-09-24,13,569.18,5845.43,0.21,1559.48,Completed
ORD-00210,CUST-0027,PROD-0009,Michael Brown,2023-04-19,2,657.91,1039.5,0.21,410.36,Pending
ORD-00211,CUST-0103,PROD-0024,Sarah Johnson,2024-04-23,3,70.13,178.83,0.15,31.77,Completed
ORD-00212,CUST-0051,PROD-0042,Jessica Martinez,2022-03-08,5,85.64,419.64,0.02,148.63,Completed
ORD-00213,CUST-0242,PROD-0030,Ashley Taylor,2022-02-13,19,616.38,10422.91,0.11,3307.49,Completed
ORD-00214,CUST-0175,PROD-0028,Ashley Taylor,2023-01-27,7,171.68,925.36,0.23,168.87,Pending
ORD-00215,CUST-0158,PROD-0040,Ashley Taylor,2022-02-05,10,33.22,292.31,0.12,106.64,Completed
ORD-00216,CUST-0072,PROD-0025,Emily Davis,2022-03-31,7,611.57,3596.06,0.16,1219.64,Completed
ORD-00217,CUST-0201,PROD-0046,Jessica Martinez,2023-01-27,18,150.17,2162.5,0.2,439.44,Refunded
ORD-00218,CUST-0047,PROD-0002,David Wilson,2022-10-04,8,518.91,4109.79,0.01,1410.51,Completed
ORD-00219,CUST-0121,PROD-0034,Sarah Johnson,2024-04-08,19,518.31,7385.92,0.25,2896.71,Pending
ORD-00220,CUST-0062,PROD-0018,James Anderson,2023-11-04,2,77.0,124.74,0.19,47.94,Cancelled
ORD-00221,CUST-0217,PROD-0012,Jessica Martinez,2024-05-09,19,612.89,10713.29,0.08,3443.59,Completed
ORD-00222,CUST-0180,PROD-0023,Ashley Taylor,2023-12-22,19,107.39,1958.83,0.04,753.19,Cancelled
ORD-00223,CUST-0126,PROD-0003,Ashley Taylor,2022-06-29,8,438.06,2978.79,0.15,315.69,Completed
ORD-00224,CUST-0235,PROD-0040,Jessica Martinez,2022-12-06,5,27.64,125.76,0.09,19.27,Completed
ORD-00225,CUST-0038,PROD-0038,Jessica Martinez,2022-01-23,5,123.36,499.61,0.19,176.83,Completed
ORD-00226,CUST-0181,PROD-0043,Michael Brown,2023-01-18,4,76.54,281.68,0.08,55.43,Refunded
ORD-00227,CUST-0164,PROD-0032,Jessica Martinez,2024-03-21,6,378.46,1862.05,0.18,500.13,Pending
ORD-00228,CUST-0151,PROD-0012,James Anderson,2023-11-13,10,673.86,6536.48,0.03,2082.84,Completed
ORD-00229,CUST-0155,PROD-0021,Ashley Taylor,2022-07-06,20,449.74,8455.07,0.06,2280.04,Pending
ORD-00230,CUST-0191,PROD-0005,Sarah Johnson,2022-12-06,11,112.17,1184.47,0.04,433.04,Cancelled
ORD-00231,CUST-0003,PROD-0017,John Smith,2023-04-03,3,722.39,1972.13,0.09,662.84,Completed
ORD-00232,CUST-0113,PROD-0047,James Anderson,2023-01-31,6,518.08,2424.63,0.22,601.13,Cancelled
ORD-00233,CUST-0097,PROD-0007,Michael Brown,2023-07-14,19,218.96,3494.67,0.16,1069.89,Refunded
ORD-00234,CUST-0205,PROD-0003,Jessica Martinez,2022-03-17,11,484.09,4952.27,0.07,650.82,Pending
ORD-00235,CUST-0042,PROD-0047,Ashley Taylor,2023-01-20,3,439.66,1213.46,0.08,480.02,Completed
ORD-00236,CUST-0242,PROD-0042,Emily Davis,2023-03-18,14,75.28,1011.71,0.04,131.9,Pending
ORD-00237,CUST-0179,PROD-0036,Emily Davis,2023-02-24,18,608.23,10181.77,0.07,1878.1,Completed
ORD-00238,CUST-0101,PROD-0037,James Anderson,2022-02-20,16,265.69,4080.96,0.04,849.85,Completed
ORD-00239,CUST-0211,PROD-0043,Michael Brown,2022-10-29,16,84.34,1281.99,0.05,138.1,Cancelled
ORD-00240,CUST-0122,PROD-0008,David Wilson,2022-03-25,13,684.91,7835.32,0.12,2887.03,Completed
ORD-00241,CUST-0140,PROD-0025,David Wilson,2023-10-20,13,626.18,7407.76,0.09,1731.43,Refunded
ORD-00242,CUST-0068,PROD-0015,Sarah Johnson,2023-04-22,19,433.11,8064.5,0.02,2626.37,Completed
ORD-00243,CUST-0089,PROD-0035,James Anderson,2023-11-16,19,104.56,1867.45,0.06,220.91,Refunded
ORD-00244,CUST-0176,PROD-0031,John Smith,2023-07-03,8,135.26,952.2,0.12,117.77,Pending
ORD-00245,CUST-0244,PROD-0049,Michael Brown,2022-05-04,6,417.47,1903.64,0.24,652.07,Completed
ORD-00246,CUST-0021,PROD-0044,Sarah Johnson,2023-03-10,5,417.47,1648.99,0.21,292.47,Completed
ORD-00247,CUST-0143,PROD-0026,John Smith,2023-02-02,9,275.06,2153.7,0.13,807.96,Refunded
ORD-00248,CUST-0107,PROD-0010,Sarah Johnson,2022-04-26,19,555.22,8966.82,0.15,3492.12,Completed
ORD-00249,CUST-0200,PROD-0007,David Wilson,2023-07-31,18,215.45,3024.97,0.22,1099.18,Refunded
ORD-00250,CUST-0125,PROD-0037,James Anderson,2023-11-02,2,272.23,522.69,0.04,115.46,Completed
ORD-00251,CUST-0228,PROD-0022,Jessica Martinez,2023-02-10,2,290.96,471.35,0.19,177.35,Completed
ORD-00252,CUST-0210,PROD-0020,Emily Davis,2022-12-12,16,391.13,4943.91,0.21,1510.15,Pending
ORD-00253,CUST-0250,PROD-0048,Sarah Johnson,2022-11-04,11,69.98,715.88,0.07,161.1,Pending
ORD-00254,CUST-0055,PROD-0027,Michael Brown,2023-03-29,17,773.22,10252.92,0.22,3550.64,Completed
ORD-00255,CUST-0182,PROD-0033,Emily Davis,2022-11-15,17,136.45,1809.3,0.22,196.64,Pending
ORD-00256,CUST-0015,PROD-0016,David Wilson,2024-05-07,2,41.35,63.68,0.23,19.83,Cancelled
ORD-00257,CUST-0119,PROD-0033,Ashley Taylor,2024-04-23,4,136.06,451.72,0.17,77.96,Refunded
ORD-00258,CUST-0246,PROD-0031,David Wilson,2022-07-01,12,136.04,1485.6,0.09,521.89,Completed
ORD-00259,CUST-0008,PROD-0025,Emily Davis,2022-10-19,19,584.72,8998.79,0.19,1478.46,Pending
ORD-00260,CUST-0053,PROD-0018,John Smith,2023-11-25,17,80.8,1359.84,0.01,454.31,Refunded
ORD-00261,CUST-0166,PROD-0012,David Wilson,2022-05-16,1,741.01,696.55,0.06,196.78,Cancelled
ORD-00262,CUST-0230,PROD-0025,James Anderson,2023-03-10,15,830.63,11711.87,0.06,2810.96,Completed
ORD-00263,CUST-0131,PROD-0043,David Wilson,2022-01-08,12,95.94,990.11,0.14,275.38,Cancelled
ORD-00264,CUST-0028,PROD-0031,David Wilson,2023-12-02,9,106.93,808.39,0.16,289.77,Cancelled
ORD-00265,CUST-0039,PROD-0034,James Anderson,2022-07-12,2,613.81,982.1,0.2,334.61,Cancelled
ORD-00266,CUST-0036,PROD-0047,James Anderson,2023-11-29,16,428.38,5140.6,0.25,914.14,Refunded
ORD-00267,CUST-0189,PROD-0003,Emily Davis,2023-02-02,19,548.9,8343.33,0.2,1693.28,Refunded
ORD-00268,CUST-0092,PROD-0033,Michael Brown,2023-11-19,6,130.22,617.24,0.21,224.03,Cancelled
ORD-00269,CUST-0121,PROD-0009,Jessica Martinez,2022-04-10,18,863.89,12595.54,0.19,1951.31,Completed
ORD-00270,CUST-0091,PROD-0015,Jessica Martinez,2022-08-16,10,418.18,3721.81,0.11,1362.38,Cancelled
ORD-00271,CUST-0076,PROD-0030,Sarah Johnson,2023-08-23,16,875.03,13860.47,0.01,4023.96,Refunded
ORD-00272,CUST-0129,PROD-0008,Michael Brown,2022-07-19,13,861.75,9746.42,0.13,2182.54,Pending
ORD-00273,CUST-0088,PROD-0027,Michael Brown,2022-07-25,15,846.51,12189.72,0.04,4372.67,Completed
ORD-00274,CUST-0086,PROD-0041,David Wilson,2023-05-15,11,302.3,2793.25,0.16,283.27,Pending
ORD-00275,CUST-0199,PROD-0011,Sarah Johnson,2024-02-19,6,189.95,1002.91,0.12,330.03,Pending
ORD-00276,CUST-0112,PROD-0041,John Smith,2023-09-22,14,243.07,2586.21,0.24,556.02,Pending
ORD-00277,CUST-0096,PROD-0001,Emily Davis,2024-01-19,17,366.81,5923.99,0.05,1795.11,Pending
ORD-00278,CUST-0225,PROD-0023,Michael Brown,2023-12-12,4,83.06,299.02,0.1,82.71,Completed
ORD-00279,CUST-0012,PROD-0020,Jessica Martinez,2024-04-23,15,506.14,6225.55,0.18,1736.37,Refunded
ORD-00280,CUST-0035,PROD-0022,James Anderson,2023-12-05,16,325.86,4744.51,0.09,742.65,Completed
ORD-00281,CUST-0058,PROD-0047,Michael Brown,2022-08-22,7,646.7,3712.05,0.18,1027.9,Completed
ORD-00282,CUST-0183,PROD-0042,John Smith,2023-01-11,13,98.62,1000.02,0.22,176.74,Completed
ORD-00283,CUST-0028,PROD-0042,James Anderson,2023-11-09,2,100.26,166.43,0.17,37.45,Completed
ORD-00284,CUST-0065,PROD-0031,David Wilson,2023-07-15,7,142.44,827.6,0.17,239.25,Refunded
ORD-00285,CUST-0026,PROD-0043,Sarah Johnson,2023-11-09,20,80.78,1373.28,0.15,193.84,Completed
ORD-00286,CUST-0030,PROD-0007,Emily Davis,2022-10-17,20,191.97,3647.52,0.05,652.53,Cancelled
ORD-00287,CUST-0105,PROD-0019,Ashley Taylor,2023-12-22,18,446.16,7067.2,0.12,1147.06,Cancelled
ORD-00288,CUST-0001,PROD-0001,Michael Brown,2022-08-29,4,337.41,1066.21,0.21,320.62,Completed
ORD-00289,CUST-0131,PROD-0005,Ashley Taylor,2024-03-09,4,138.16,425.53,0.23,124.81,Cancelled
ORD-00290,CUST-0119,PROD-0004,Jessica Martinez,2022-09-28,6,44.14,206.56,0.22,73.47,Cancelled
ORD-00291,CUST-0190,PROD-0008,Michael Brown,2023-03-13,2,617.43,1234.85,0.0,174.75,Cancelled
ORD-00292,CUST-0229,PROD-0029,Jessica Martinez,2023-01-02,9,915.87,6429.43,0.22,822.23,Pending
ORD-00293,CUST-0103,PROD-0026,Ashley Taylor,2022-04-27,9,321.9,2288.69,0.21,702.56,Refunded
ORD-00294,CUST-0227,PROD-0011,Sarah Johnson,2023-10-27,2,153.79,230.68,0.25,81.5,Refunded
ORD-00295,CUST-0124,PROD-0037,John Smith,2023-08-28,6,279.9,1427.48,0.15,476.42,Pending
ORD-00296,CUST-0236,PROD-0032,Jessica Martinez,2023-05-10,14,297.49,3706.73,0.11,441.1,Completed
ORD-00297,CUST-0223,PROD-0044,Jessica Martinez,2023-12-23,19,433.75,6757.83,0.18,1129.88,Completed
ORD-00298,CUST-0170,PROD-0047,Michael Brown,2023-03-20,12,479.15,4772.38,0.17,1395.55,Completed
ORD-00299,CUST-0165,PROD-0011,Sarah Johnson,2022-01-12,16,184.43,2331.15,0.21,841.14,Refunded
ORD-00300,CUST-0062,PROD-0022,James Anderson,2022-11-25,2,322.89,561.83,0.13,148.97,Refunded
ORD-00301,CUST-0061,PROD-0006,Ashley Taylor,2024-04-16,19,536.53,9072.66,0.11,3238.73,Cancelled
ORD-00302,CUST-0128,PROD-0048,John Smith,2022-05-02,4,76.37,274.95,0.1,30.45,Completed
ORD-00303,CUST-0155,PROD-0040,Ashley Taylor,2024-03-21,17,33.49,489.68,0.14,145.13,Cancelled
ORD-00304,CUST-0212,PROD-0004,Ashley Taylor,2023-01-08,15,60.3,832.19,0.08,274.81,Cancelled
ORD-00305,CUST-0116,PROD-0008,David Wilson,2024-01-04,8,618.2,4945.57,0.0,1021.47,Cancelled
ORD-00306,CUST-0028,PROD-0003,James Anderson,2023-12-20,16,619.5,9515.57,0.04,2997.95,Completed
ORD-00307,CUST-0157,PROD-0013,Emily Davis,2022-09-18,13,477.93,5902.47,0.05,2050.32,Cancelled
ORD-00308,CUST-0194,PROD-0027,Ashley Taylor,2022-04-21,19,566.55,10441.46,0.03,3837.51,Pending
ORD-00309,CUST-0002,PROD-0034,Ashley Taylor,2023-05-26,18,606.96,8412.5,0.23,2958.21,Pending
ORD-00310,CUST-0149,PROD-0012,Jessica Martinez,2023-12-10,5,780.0,3783.01,0.03,1124.52,Refunded
ORD-00311,CUST-0156,PROD-0045,David Wilson,2023-03-05,9,230.62,1868.02,0.1,378.94,Refunded
ORD-00312,CUST-0035,PROD-0009,Jessica Martinez,2024-04-04,17,754.77,11932.91,0.07,3704.55,Pending
ORD-00313,CUST-0054,PROD-0040,Michael Brown,2022-07-25,12,34.53,319.01,0.23,44.6,Cancelled
ORD-00314,CUST-0030,PROD-0049,James Anderson,2023-12-29,16,399.94,5439.21,0.15,2082.14,Cancelled
ORD-00315,CUST-0217,PROD-0028,John Smith,2024-06-17,17,225.43,3717.3,0.03,796.47,Completed
ORD-00316,CUST-0069,PROD-0049,John Smith,2022-07-24,10,478.38,3970.53,0.17,571.47,Cancelled
ORD-00317,CUST-0193,PROD-0035,Emily Davis,2022-07-28,15,86.99,1265.68,0.03,456.16,Refunded
ORD-00318,CUST-0131,PROD-0045,Jessica Martinez,2022-09-01,2,188.82,290.79,0.23,62.89,Completed
ORD-00319,CUST-0191,PROD-0017,Jessica Martinez,2022-01-14,15,720.09,8533.01,0.21,3186.62,Pending
ORD-00320,CUST-0186,PROD-0013,Michael Brown,2024-03-05,6,502.86,2262.86,0.25,276.84,Completed
ORD-00321,CUST-0011,PROD-0028,David Wilson,2023-01-22,9,180.67,1577.26,0.03,434.06,Completed
ORD-00322,CUST-0120,PROD-0046,John Smith,2022-12-05,2,189.36,363.58,0.04,71.55,Cancelled
ORD-00323,CUST-0203,PROD-0037,Emily Davis,2023-05-18,3,265.74,637.78,0.2,124.6,Pending
ORD-00324,CUST-0018,PROD-0033,Emily Davis,2023-06-18,18,121.72,1906.12,0.13,243.19,Pending
ORD-00325,CUST-0085,PROD-0022,Ashley Taylor,2023-11-11,7,253.3,1347.56,0.24,384.71,Completed
ORD-00326,CUST-0172,PROD-0023,John Smith,2022-04-28,20,88.17,1357.89,0.23,235.12,Cancelled
ORD-00327,CUST-0235,PROD-0008,Jessica Martinez,2023-01-26,18,709.42,10471.1,0.18,1124.72,Refunded
ORD-00328,CUST-0012,PROD-0019,Sarah Johnson,2023-05-14,7,609.35,3924.19,0.08,489.36,Pending
ORD-00329,CUST-0138,PROD-0035,Emily Davis,2024-03-02,3,85.84,244.64,0.05,70.67,Refunded
ORD-00330,CUST-0027,PROD-0014,Michael Brown,2024-05-05,14,159.9,1880.4,0.16,718.17,Completed
ORD-00331,CUST-0184,PROD-0022,Sarah Johnson,2023-04-16,3,216.42,642.77,0.01,217.43,Pending
ORD-00332,CUST-0105,PROD-0025,Sarah Johnson,2022-09-22,13,707.83,8189.57,0.11,860.46,Completed
ORD-00333,CUST-0185,PROD-0040,Jessica Martinez,2023-10-19,19,25.78,484.98,0.01,171.91,Completed
ORD-00334,CUST-0202,PROD-0044,James Anderson,2022-10-24,3,393.06,1096.63,0.07,414.53,Refunded
ORD-00335,CUST-0170,PROD-0002,David Wilson,2024-04-21,18,555.9,9505.93,0.05,3080.17,Pending
ORD-00336,CUST-0174,PROD-0047,Sarah Johnson,2022-11-02,1,570.03,490.23,0.14,130.66,Completed
ORD-00337,CUST-0147,PROD-0039,Jessica Martinez,2022-01-06,18,559.11,7648.68,0.24,1464.01,Pending
ORD-00338,CUST-0232,PROD-0042,David Wilson,2023-02-27,5,100.83,483.99,0.04,80.46,Pending
ORD-00339,CUST-0047,PROD-0043,Ashley Taylor,2022-04-28,2,90.27,142.63,0.21,54.16,Completed
ORD-00340,CUST-0172,PROD-0005,Jessica Martinez,2022-10-25,7,112.84,647.73,0.18,159.44,Cancelled
ORD-00341,CUST-0172,PROD-0042,Jessica Martinez,2022-05-12,10,77.86,661.85,0.15,244.91,Refunded
ORD-00342,CUST-0085,PROD-0040,Jessica Martinez,2023-04-07,19,33.79,616.28,0.04,166.43,Refunded
ORD-00343,CUST-0002,PROD-0021,David Wilson,2022-06-22,8,340.49,2233.61,0.18,652.78,Cancelled
ORD-00344,CUST-0174,PROD-0047,David Wilson,2022-05-18,16,498.04,7012.37,0.12,1455.93,Refunded
ORD-00345,CUST-0028,PROD-0012,Michael Brown,2023-07-19,3,754.4,1787.92,0.21,639.39,Pending
ORD-00346,CUST-0188,PROD-0041,John Smith,2022-09-27,3,205.55,480.98,0.22,170.69,Refunded
ORD-00347,CUST-0152,PROD-0014,Ashley Taylor,2024-02-27,18,184.5,3088.6,0.07,1137.21,Pending
ORD-00348,CUST-0101,PROD-0015,Ashley Taylor,2023-01-10,19,441.85,6883.99,0.18,1289.37,Completed
ORD-00349,CUST-0094,PROD-0033,Michael Brown,2023-02-11,8,112.74,712.51,0.21,243.65,Pending
ORD-00350,CUST-0041,PROD-0012,Ashley Taylor,2023-04-02,19,730.53,11659.18,0.16,4550.82,Cancelled
ORD-00351,CUST-0057,PROD-0049,Emily Davis,2022-02-11,3,424.45,1184.22,0.07,201.56,Cancelled
ORD-00352,CUST-0121,PROD-0030,David Wilson,2023-02-02,2,884.83,1327.25,0.25,261.76,Cancelled
ORD-00353,CUST-0140,PROD-0037,Sarah Johnson,2023-08-16,13,224.2,2652.3,0.09,785.08,Cancelled
ORD-00354,CUST-0250,PROD-0015,Ashley Taylor,2023-01-21,12,381.55,3662.92,0.2,745.44,Completed
ORD-00355,CUST-0226,PROD-0009,Emily Davis,2023-05-29,8,763.8,5988.18,0.02,1754.79,Pending
ORD-00356,CUST-0041,PROD-0024,Jessica Martinez,2022-07-11,4,67.81,225.12,0.17,50.51,Completed
ORD-00357,CUST-0173,PROD-0031,John Smith,2023-05-09,19,130.04,2371.93,0.04,830.2,Pending
ORD-00358,CUST-0033,PROD-0037,Michael Brown,2022-02-14,5,270.4,1135.68,0.16,126.92,Completed
ORD-00359,CUST-0067,PROD-0012,John Smith,2022-06-20,13,715.54,7906.71,0.15,2127.55,Cancelled
ORD-00360,CUST-0056,PROD-0029,James Anderson,2022-03-29,16,802.36,10013.39,0.22,1513.72,Pending
ORD-00361,CUST-0150,PROD-0050,Jessica Martinez,2024-03-24,17,67.94,1074.14,0.07,340.78,Refunded
ORD-00362,CUST-0152,PROD-0005,James Anderson,2023-09-03,13,111.73,1408.88,0.03,147.89,Pending
ORD-00363,CUST-0025,PROD-0012,Sarah Johnson,2023-09-13,20,703.25,11955.24,0.15,4343.65,Completed
ORD-00364,CUST-0169,PROD-0009,James Anderson,2023-05-09,18,917.45,13046.12,0.21,4815.2,Refunded
ORD-00365,CUST-0224,PROD-0003,James Anderson,2023-01-15,14,574.69,7562.87,0.06,2576.59,Cancelled
ORD-00366,CUST-0206,PROD-0048,Ashley Taylor,2023-08-27,19,84.12,1566.26,0.02,219.53,Pending
ORD-00367,CUST-0022,PROD-0019,John Smith,2024-05-29,18,543.0,8796.68,0.1,1378.5,Completed
ORD-00368,CUST-0002,PROD-0025,James Anderson,2023-06-17,11,770.21,7625.05,0.1,1006.32,Cancelled
ORD-00369,CUST-0219,PROD-0035,James Anderson,2022-09-25,12,105.0,1071.01,0.15,425.77,Pending
ORD-00370,CUST-0142,PROD-0036,David Wilson,2023-02-28,12,551.73,5693.89,0.14,1395.73,Cancelled
ORD-00371,CUST-0181,PROD-0026,Michael Brown,2024-03-03,4,296.03,959.15,0.19,224.42,Completed
ORD-00372,CUST-0131,PROD-0026,John Smith,2022-08-08,18,301.78,4617.19,0.15,1409.95,Pending
ORD-00373,CUST-0247,PROD-0041,James Anderson,2023-02-03,3,197.98,469.21,0.21,113.31,Completed
ORD-00374,CUST-0068,PROD-0015,James Anderson,2022-03-07,20,358.16,7091.54,0.01,1526.79,Cancelled
ORD-00375,CUST-0247,PROD-0039,Emily Davis,2023-12-30,6,475.51,2396.58,0.16,555.27,Cancelled
ORD-00376,CUST-0009,PROD-0039,Jessica Martinez,2022-07-19,8,588.04,3998.67,0.15,1208.43,Pending
ORD-00377,CUST-0001,PROD-0011,James Anderson,2023-11-02,9,151.74,1106.2,0.19,227.81,Refunded
ORD-00378,CUST-0052,PROD-0034,Jessica Martinez,2023-08-24,3,438.25,1012.36,0.23,268.15,Cancelled
ORD-00379,CUST-0071,PROD-0015,John Smith,2024-04-15,7,396.02,2467.21,0.11,545.71,Cancelled
ORD-00380,CUST-0105,PROD-0033,Sarah Johnson,2022-06-29,3,118.53,309.35,0.13,62.49,Cancelled
ORD-00381,CUST-0138,PROD-0037,Emily Davis,2024-06-16,15,232.62,2651.9,0.24,713.23,Cancelled
ORD-00382,CUST-0118,PROD-0044,David Wilson,2024-03-05,19,422.08,6255.2,0.22,1529.97,Completed
ORD-00383,CUST-0163,PROD-0015,Jessica Martinez,2023-01-27,8,407.36,2607.12,0.2,583.29,Completed
ORD-00384,CUST-0214,PROD-0017,Jessica Martinez,2023-12-19,3,735.87,1986.86,0.1,645.01,Completed
ORD-00385,CUST-0239,PROD-0012,Michael Brown,2023-07-22,12,703.46,8019.4,0.05,2182.19,Pending
ORD-00386,CUST-0189,PROD-0013,Emily Davis,2023-05-26,8,488.99,3051.32,0.22,494.42,Pending
ORD-00387,CUST-0159,PROD-0023,Ashley Taylor,2024-05-06,4,77.08,299.08,0.03,36.95,Completed
ORD-00388,CUST-0220,PROD-0035,David Wilson,2024-02-22,16,129.61,1887.06,0.09,367.27,Refunded
ORD-00389,CUST-0196,PROD-0033,James Anderson,2022-07-07,8,129.02,836.02,0.19,115.77,Refunded
ORD-00390,CUST-0009,PROD-0033,Ashley Taylor,2023-07-08,6,133.06,710.55,0.11,96.71,Cancelled
ORD-00391,CUST-0003,PROD-0001,David Wilson,2023-12-07,13,337.74,3731.99,0.15,737.56,Pending
ORD-00392,CUST-0068,PROD-0016,James Anderson,2023-07-16,20,46.52,846.63,0.09,131.38,Pending
ORD-00393,CUST-0180,PROD-0049,Michael Brown,2023-03-06,13,403.58,4879.23,0.07,751.24,Pending
ORD-00394,CUST-0026,PROD-0047,Emily Davis,2024-04-13,8,484.02,3330.04,0.14,1188.47,Pending
ORD-00395,CUST-0246,PROD-0048,Jessica Martinez,2024-03-30,1,61.05,58.61,0.04,14.65,Refunded
ORD-00396,CUST-0065,PROD-0036,John Smith,2022-11-04,2,640.41,1152.74,0.1,354.08,Pending
ORD-00397,CUST-0066,PROD-0031,Jessica Martinez,2024-04-13,4,150.08,534.27,0.11,107.07,Cancelled
ORD-00398,CUST-0143,PROD-0017,Emily Davis,2023-07-28,14,769.39,10448.26,0.03,3763.57,Pending
ORD-00399,CUST-0073,PROD-0023,Sarah Johnson,2024-03-10,17,83.56,1250.02,0.12,401.2,Refunded
ORD-00400,CUST-0074,PROD-0030,Jessica Martinez,2023-09-21,5,804.11,3136.04,0.22,916.27,Refunded
ORD-00401,CUST-0157,PROD-0037,Jessica Martinez,2023-10-09,3,249.69,734.1,0.02,149.09,Cancelled
ORD-00402,CUST-0075,PROD-0046,Jessica Martinez,2023-10-31,13,143.96,1740.52,0.07,406.36,Refunded
ORD-00403,CUST-0043,PROD-0012,Sarah Johnson,2023-02-28,5,817.29,3350.91,0.18,1000.6,Pending
ORD-00404,CUST-0102,PROD-0007,James Anderson,2022-06-20,16,159.19,2190.42,0.14,236.37,Completed
ORD-00405,CUST-0068,PROD-0040,David Wilson,2022-04-17,13,27.02,323.14,0.08,56.3,Refunded
ORD-00406,CUST-0033,PROD-0009,Jessica Martinez,2023-10-04,6,792.68,4708.49,0.01,1408.14,Refunded
ORD-00407,CUST-0250,PROD-0035,Michael Brown,2023-04-24,18,128.54,2059.23,0.11,804.88,Refunded
ORD-00408,CUST-0192,PROD-0041,David Wilson,2023-10-09,14,290.68,3540.43,0.13,1033.3,Cancelled
ORD-00409,CUST-0139,PROD-0015,Michael Brown,2023-05-09,15,427.91,5905.1,0.08,1320.74,Cancelled
ORD-00410,CUST-0001,PROD-0034,John Smith,2022-01-11,5,625.49,2845.98,0.09,685.2,Refunded
ORD-00411,CUST-0123,PROD-0020,John Smith,2024-02-13,14,336.68,3770.86,0.2,1052.45,Cancelled
ORD-00412,CUST-0106,PROD-0036,James Anderson,2022-07-13,8,541.04,4155.16,0.04,1334.37,Refunded
ORD-00413,CUST-0068,PROD-0006,David Wilson,2022-08-14,8,527.99,3674.81,0.13,1249.39,Cancelled
ORD-00414,CUST-0191,PROD-0035,Michael Brown,2023-10-27,14,122.74,1632.41,0.05,196.77,Cancelled
ORD-00415,CUST-0164,PROD-0030,Jessica Martinez,2022-04-24,9,799.59,5901.0,0.18,1461.08,Completed
ORD-00416,CUST-0013,PROD-0035,Ashley Taylor,2022-06-05,4,86.52,321.85,0.07,44.26,Completed
ORD-00417,CUST-0024,PROD-0010,Ashley Taylor,2022-08-27,7,518.27,3301.35,0.09,638.72,Cancelled
ORD-00418,CUST-0179,PROD-0003,Sarah Johnson,2023-04-20,5,492.04,2435.61,0.01,810.32,Refunded
ORD-00419,CUST-0050,PROD-0017,Emily Davis,2022-07-05,1,934.75,906.7,0.03,299.61,Refunded
ORD-00420,CUST-0250,PROD-0029,Sarah Johnson,2024-02-29,2,685.32,1302.11,0.05,417.45,Pending
ORD-00421,CUST-0100,PROD-0044,Sarah Johnson,2023-04-30,11,513.22,5419.57,0.04,1725.98,Cancelled
ORD-00422,CUST-0164,PROD-0020,Sarah Johnson,2023-05-08,2,370.89,578.58,0.22,95.66,Pending
ORD-00423,CUST-0112,PROD-0021,Emily Davis,2023-10-11,9,303.08,2318.54,0.15,507.16,Completed
ORD-00424,CUST-0149,PROD-0045,Emily Davis,2022-02-13,20,205.34,3942.59,0.04,1305.94,Pending
ORD-00425,CUST-0024,PROD-0044,Sarah Johnson,2023-05-27,2,450.84,892.66,0.01,261.88,Pending
ORD-00426,CUST-0060,PROD-0021,Emily Davis,2023-05-15,12,459.55,4411.71,0.2,1021.82,Completed
ORD-00427,CUST-0097,PROD-0023,Ashley Taylor,2023-12-07,9,98.85,693.91,0.22,170.42,Cancelled
ORD-00428,CUST-0179,PROD-0032,Ashley Taylor,2023-07-10,6,309.09,1594.92,0.14,314.37,Cancelled
ORD-00429,CUST-0213,PROD-0039,Ashley Taylor,2024-06-07,18,688.36,11894.84,0.04,3084.82,Cancelled
ORD-00430,CUST-0068,PROD-0035,Michael Brown,2024-04-19,1,102.4,82.95,0.19,20.89,Completed
ORD-00431,CUST-0220,PROD-0024,James Anderson,2023-09-27,8,72.6,534.37,0.08,63.59,Pending
ORD-00432,CUST-0175,PROD-0032,Jessica Martinez,2023-06-21,5,396.06,1683.28,0.15,331.24,Completed
ORD-00433,CUST-0134,PROD-0043,Sarah Johnson,2022-04-09,5,65.37,313.76,0.04,34.32,Refunded
ORD-00434,CUST-0026,PROD-0003,David Wilson,2022-07-16,13,546.2,5964.52,0.16,1537.33,Completed
ORD-00435,CUST-0057,PROD-0039,Ashley Taylor,2023-01-11,1,639.52,492.43,0.23,80.08,Completed
ORD-00436,CUST-0206,PROD-0041,Jessica Martinez,2023-04-25,18,203.87,2972.43,0.19,1091.27,Completed
ORD-00437,CUST-0158,PROD-0018,Emily Davis,2024-04-23,3,76.85,182.14,0.21,22.47,Completed
ORD-00438,CUST-0186,PROD-0015,Michael Brown,2022-04-14,7,384.01,2553.68,0.05,758.6,Refunded
ORD-00439,CUST-0028,PROD-0050,James Anderson,2024-02-04,12,83.16,828.26,0.17,257.39,Completed
ORD-00440,CUST-0203,PROD-0012,Ashley Taylor,2022-06-20,17,725.58,11348.14,0.08,1673.32,Cancelled
ORD-00441,CUST-0141,PROD-0021,Jessica Martinez,2022-11-19,14,437.4,4960.17,0.19,1136.75,Pending
ORD-00442,CUST-0140,PROD-0014,Ashley Taylor,2023-07-31,18,149.04,2065.63,0.23,364.02,Refunded
ORD-00443,CUST-0001,PROD-0047,David Wilson,2023-02-11,10,430.48,3659.07,0.15,934.1,Completed
ORD-00444,CUST-0057,PROD-0014,David Wilson,2022-11-04,1,181.13,146.71,0.19,56.19,Pending
ORD-00445,CUST-0010,PROD-0030,Emily Davis,2022-04-07,5,714.92,3324.39,0.07,1219.68,Pending
ORD-00446,CUST-0208,PROD-0020,Sarah Johnson,2022-09-20,13,351.62,3931.07,0.14,649.54,Cancelled
ORD-00447,CUST-0124,PROD-0012,David Wilson,2024-03-22,19,706.99,10746.23,0.2,1382.06,Completed
ORD-00448,CUST-0207,PROD-0037,James Anderson,2024-01-19,2,247.13,380.58,0.23,76.24,Refunded
ORD-00449,CUST-0031,PROD-0050,James Anderson,2024-06-07,20,69.43,1069.29,0.23,310.27,Completed
ORD-00450,CUST-0135,PROD-0003,Emily Davis,2022-11-09,19,489.58,8930.01,0.04,2238.94,Pending
ORD-00451,CUST-0173,PROD-0047,Sarah Johnson,2022-02-21,15,649.54,7891.92,0.19,2151.15,Pending
ORD-00452,CUST-0075,PROD-0026,John Smith,2023-03-19,11,228.93,2467.85,0.02,669.85,Refunded
ORD-00453,CUST-0022,PROD-0026,Emily Davis,2022-09-26,5,269.32,1090.76,0.19,266.45,Refunded
ORD-00454,CUST-0167,PROD-0037,Emily Davis,2023-02-09,20,226.66,3399.86,0.25,874.7,Completed
ORD-00455,CUST-0199,PROD-0028,James Anderson,2022-09-30,19,184.42,3433.87,0.02,1035.4,Cancelled
ORD-00456,CUST-0049,PROD-0021,Jessica Martinez,2022-12-23,1,356.41,288.69,0.19,43.53,Refunded
ORD-00457,CUST-0038,PROD-0029,Sarah Johnson,2023-10-01,8,619.44,4707.75,0.05,998.73,Completed
ORD-00458,CUST-0014,PROD-0016,John Smith,2024-01-28,5,61.38,239.39,0.22,82.84,Cancelled
ORD-00459,CUST-0206,PROD-0008,Emily Davis,2023-12-12,16,683.88,10832.69,0.01,1762.51,Pending
ORD-00460,CUST-0134,PROD-0049,John Smith,2023-07-14,16,383.0,5147.55,0.16,2047.13,Refunded
ORD-00461,CUST-0232,PROD-0043,David Wilson,2023-08-20,9,81.0,699.85,0.04,129.62,Completed
ORD-00462,CUST-0168,PROD-0001,Jessica Martinez,2023-04-22,9,256.68,1917.39,0.17,716.84,Completed
ORD-00463,CUST-0075,PROD-0042,Jessica Martinez,2022-01-20,13,83.52,944.64,0.13,295.58,Refunded
ORD-00464,CUST-0153,PROD-0035,John Smith,2024-06-06,7,89.55,545.38,0.13,129.47,Completed
ORD-00465,CUST-0237,PROD-0034,Jessica Martinez,2022-09-11,16,506.02,7286.71,0.1,1071.89,Cancelled
ORD-00466,CUST-0161,PROD-0020,David Wilson,2022-12-30,17,377.65,5970.62,0.07,708.13,Refunded
ORD-00467,CUST-0008,PROD-0036,Michael Brown,2024-04-14,8,661.78,5082.47,0.04,1876.21,Completed
ORD-00468,CUST-0098,PROD-0034,James Anderson,2024-01-18,20,659.48,10287.89,0.22,3147.65,Pending
ORD-00469,CUST-0040,PROD-0028,Emily Davis,2023-08-10,20,239.15,4400.33,0.08,1155.84,Pending
ORD-00470,CUST-0139,PROD-0044,Michael Brown,2023-08-18,5,483.88,2225.85,0.08,693.44,Refunded
ORD-00471,CUST-0038,PROD-0042,Sarah Johnson,2024-02-28,6,103.87,573.35,0.08,153.2,Pending
ORD-00472,CUST-0215,PROD-0010,James Anderson,2022-11-22,11,715.5,6138.96,0.22,1376.43,Cancelled
ORD-00473,CUST-0191,PROD-0041,Michael Brown,2023-03-30,9,296.62,2562.83,0.04,400.78,Pending
ORD-00474,CUST-0196,PROD-0040,Emily Davis,2022-01-27,20,33.22,571.33,0.14,96.71,Pending
ORD-00475,CUST-0007,PROD-0023,Ashley Taylor,2023-12-05,16,74.15,1150.86,0.03,407.22,Cancelled
ORD-00476,CUST-0219,PROD-0025,James Anderson,2022-07-08,5,720.19,3456.92,0.04,580.35,Completed
ORD-00477,CUST-0244,PROD-0027,Ashley Taylor,2022-10-04,7,618.94,3509.41,0.19,420.57,Refunded
ORD-00478,CUST-0084,PROD-0030,James Anderson,2023-12-06,14,886.78,11173.44,0.1,1257.55,Cancelled
ORD-00479,CUST-0157,PROD-0048,John Smith,2023-02-08,18,73.9,1157.23,0.13,419.77,Completed
ORD-00480,CUST-0117,PROD-0003,John Smith,2023-04-08,8,615.21,4281.84,0.13,936.37,Refunded
ORD-00481,CUST-0196,PROD-0041,David Wilson,2023-06-13,7,299.74,1951.33,0.07,428.15,Cancelled
ORD-00482,CUST-0043,PROD-0028,Ashley Taylor,2023-04-18,2,181.97,302.06,0.17,112.1,Refunded
ORD-00483,CUST-0185,PROD-0033,Michael Brown,2022-04-03,19,118.93,1739.95,0.23,537.36,Refunded
ORD-00484,CUST-0083,PROD-0029,Emily Davis,2023-02-28,15,612.94,7814.96,0.15,2452.26,Refunded
ORD-00485,CUST-0065,PROD-0021,Sarah Johnson,2022-04-03,6,412.61,2030.06,0.18,278.25,Refunded
ORD-00486,CUST-0093,PROD-0006,Michael Brown,2023-10-12,13,551.52,5879.19,0.18,2307.92,Refunded
ORD-00487,CUST-0098,PROD-0003,Michael Brown,2023-07-18,11,590.57,5586.8,0.14,1664.08,Pending
ORD-00488,CUST-0038,PROD-0012,Ashley Taylor,2024-06-08,2,791.66,1424.98,0.1,274.82,Cancelled
ORD-00489,CUST-0047,PROD-0008,John Smith,2023-10-04,7,871.57,6101.0,0.0,2011.0,Refunded
ORD-00490,CUST-0219,PROD-0032,Emily Davis,2023-05-25,1,362.51,308.13,0.15,76.43,Refunded
ORD-00491,CUST-0105,PROD-0029,David Wilson,2023-04-10,20,630.69,12613.7,0.0,4599.59,Pending
ORD-00492,CUST-0048,PROD-0010,David Wilson,2022-02-20,12,529.43,6289.68,0.01,2240.06,Cancelled
ORD-00493,CUST-0013,PROD-0007,Michael Brown,2022-03-31,6,185.39,1067.84,0.04,197.89,Refunded
ORD-00494,CUST-0149,PROD-0024,James Anderson,2024-02-07,3,76.89,186.84,0.19,36.78,Completed
ORD-00495,CUST-0110,PROD-0036,David Wilson,2024-02-16,16,453.27,7034.72,0.03,2169.41,Cancelled
ORD-00496,CUST-0106,PROD-0034,Sarah Johnson,2023-06-24,7,483.77,2878.42,0.15,382.23,Refunded
ORD-00497,CUST-0177,PROD-0039,David Wilson,2024-01-12,10,693.18,6169.31,0.11,2186.03,Cancelled
ORD-00498,CUST-0158,PROD-0037,Emily Davis,2022-05-13,16,259.81,3658.09,0.12,563.24,Cancelled
ORD-00499,CUST-0001,PROD-0008,James Anderson,2022-07-18,4,594.97,1951.49,0.18,316.53,Refunded
ORD-00500,CUST-0086,PROD-0023,David Wilson,2022-02-16,7,92.57,647.98,0.0,103.91,Cancelled
ORD-00501,CUST-0018,PROD-0020,Jessica Martinez,2024-03-20,18,389.21,6445.29,0.08,656.38,Cancelled
ORD-00502,CUST-0186,PROD-0037,Jessica Martinez,2023-02-10,1,273.01,215.68,0.21,34.12,Refunded
ORD-00503,CUST-0205,PROD-0003,Jessica Martinez,2023-05-01,16,562.99,8647.55,0.04,2059.72,Refunded
ORD-00504,CUST-0209,PROD-0027,Jessica Martinez,2024-03-13,2,828.83,1309.55,0.21,248.56,Completed
ORD-00505,CUST-0148,PROD-0044,John Smith,2022-08-02,12,398.59,4687.39,0.02,678.69,Cancelled
ORD-00506,CUST-0161,PROD-0035,Sarah Johnson,2023-01-20,19,124.28,2007.19,0.15,313.55,Cancelled
ORD-00507,CUST-0220,PROD-0021,Emily Davis,2023-12-24,9,415.55,3365.94,0.1,838.51,Cancelled
ORD-00508,CUST-0213,PROD-0020,John Smith,2023-04-08,10,374.03,3590.67,0.04,762.17,Pending
ORD-00509,CUST-0114,PROD-0033,Jessica Martinez,2022-04-05,16,113.6,1399.6,0.23,204.65,Refunded
ORD-00510,CUST-0224,PROD-0034,Michael Brown,2024-01-21,11,507.29,5357.01,0.04,1936.77,Pending
ORD-00511,CUST-0010,PROD-0030,John Smith,2024-01-12,17,725.24,11959.19,0.03,2311.64,Completed
ORD-00512,CUST-0120,PROD-0003,Emily Davis,2022-12-08,10,440.95,4365.38,0.01,1429.87,Cancelled
ORD-00513,CUST-0050,PROD-0019,David Wilson,2022-07-25,11,471.88,4204.41,0.19,1266.95,Pending
ORD-00514,CUST-0071,PROD-0008,Jessica Martinez,2022-06-11,20,592.2,10185.92,0.14,1331.43,Cancelled
ORD-00515,CUST-0037,PROD-0046,Jessica Martinez,2022-10-05,19,180.32,3220.5,0.06,390.88,Refunded
ORD-00516,CUST-0034,PROD-0002,James Anderson,2022-02-21,2,555.13,1076.95,0.03,125.08,Refunded
ORD-00517,CUST-0181,PROD-0039,Emily Davis,2022-07-03,15,682.6,8703.12,0.15,1686.07,Completed
ORD-00518,CUST-0196,PROD-0030,Ashley Taylor,2024-02-13,3,783.46,1880.3,0.2,706.82,Completed
ORD-00519,CUST-0080,PROD-0044,Michael Brown,2023-04-12,15,455.53,6012.99,0.12,2310.4,Cancelled
ORD-00520,CUST-0101,PROD-0012,Ashley Taylor,2023-01-08,11,770.69,6782.1,0.2,2473.58,Refunded
ORD-00521,CUST-0017,PROD-0031,Jessica Martinez,2022-01-31,16,109.66,1544.01,0.12,233.52,Pending
ORD-00522,CUST-0027,PROD-0026,David Wilson,2023-06-05,4,305.37,1123.76,0.08,331.32,Refunded
ORD-00523,CUST-0152,PROD-0027,James Anderson,2023-02-15,8,623.71,4291.13,0.14,1682.84,Completed
ORD-00524,CUST-0054,PROD-0045,Emily Davis,2022-12-15,14,215.53,2594.97,0.14,525.9,Pending
ORD-00525,CUST-0172,PROD-0005,Ashley Taylor,2023-11-10,19,139.01,2086.49,0.21,280.21,Cancelled
ORD-00526,CUST-0025,PROD-0029,James Anderson,2023-07-23,13,662.2,8436.43,0.02,1118.87,Cancelled
ORD-00527,CUST-0166,PROD-0043,John Smith,2023-05-22,7,65.19,365.07,0.2,133.68,Pending
ORD-00528,CUST-0039,PROD-0029,Emily Davis,2023-11-08,13,777.84,8595.15,0.15,2012.54,Cancelled
ORD-00529,CUST-0146,PROD-0044,Sarah Johnson,2022-11-03,14,393.64,4518.99,0.18,1692.52,Completed
ORD-00530,CUST-0131,PROD-0026,John Smith,2023-09-19,10,308.8,3026.29,0.02,1120.7,Completed
ORD-00531,CUST-0144,PROD-0023,James Anderson,2023-12-22,10,75.31,587.42,0.22,100.2,Cancelled
ORD-00532,CUST-0098,PROD-0026,Michael Brown,2023-12-30,18,255.59,4370.65,0.05,664.44,Pending
ORD-00533,CUST-0099,PROD-0024,Michael Brown,2023-07-23,5,74.37,345.81,0.07,125.12,Pending
ORD-00534,CUST-0019,PROD-0042,Michael Brown,2022-01-12,16,69.72,937.02,0.16,367.77,Completed
ORD-00535,CUST-0165,PROD-0027,Ashley Taylor,2022-05-21,20,808.7,12453.98,0.23,3573.98,Refunded
ORD-00536,CUST-0210,PROD-0029,Ashley Taylor,2023-07-20,8,730.12,5548.89,0.05,1561.3,Pending
ORD-00537,CUST-0129,PROD-0018,John Smith,2023-12-31,18,73.04,1130.73,0.14,124.42,Refunded
ORD-00538,CUST-0095,PROD-0008,David Wilson,2023-12-23,3,770.91,2220.21,0.04,709.11,Refunded
ORD-00539,CUST-0021,PROD-0034,Sarah Johnson,2023-06-14,3,642.94,1813.08,0.06,524.34,Cancelled
ORD-00540,CUST-0014,PROD-0022,Ashley Taylor,2023-09-20,1,273.2,240.41,0.12,61.02,Cancelled
ORD-00541,CUST-0091,PROD-0019,David Wilson,2023-03-08,2,474.65,787.92,0.17,220.06,Cancelled
ORD-00542,CUST-0162,PROD-0031,John Smith,2022-03-04,19,135.56,2549.84,0.01,1012.57,Cancelled
ORD-00543,CUST-0022,PROD-0009,David Wilson,2023-05-12,9,785.64,6646.55,0.06,1892.53,Cancelled
ORD-00544,CUST-0190,PROD-0008,Jessica Martinez,2022-01-15,19,778.36,12126.79,0.18,3610.71,Pending
ORD-00545,CUST-0201,PROD-0045,Jessica Martinez,2022-09-25,6,184.3,884.62,0.2,317.23,Completed
ORD-00546,CUST-0153,PROD-0010,Ashley Taylor,2022-05-29,14,746.1,8460.77,0.19,1450.04,Pending
ORD-00547,CUST-0148,PROD-0047,Sarah Johnson,2022-08-04,2,614.15,1031.77,0.16,337.02,Completed
ORD-00548,CUST-0119,PROD-0026,Emily Davis,2022-06-21,16,266.4,3452.56,0.19,1124.6,Refunded
ORD-00549,CUST-0181,PROD-0025,David Wilson,2023-12-01,5,715.02,3110.35,0.13,716.69,Refunded
ORD-00550,CUST-0174,PROD-0021,Jessica Martinez,2023-01-27,2,456.33,894.41,0.02,232.0,Refunded
ORD-00551,CUST-0236,PROD-0042,David Wilson,2023-09-18,11,101.09,1034.12,0.07,352.32,Refunded
ORD-00552,CUST-0198,PROD-0044,Michael Brown,2023-04-18,19,474.59,7303.94,0.19,1869.7,Cancelled
ORD-00553,CUST-0003,PROD-0044,Sarah Johnson,2023-07-15,3,339.73,1019.18,0.0,131.79,Refunded
ORD-00554,CUST-0057,PROD-0047,John Smith,2022-12-26,7,487.05,3375.29,0.01,964.72,Pending
ORD-00555,CUST-0164,PROD-0008,James Anderson,2023-09-06,4,811.33,3180.41,0.02,894.99,Pending
ORD-00556,CUST-0179,PROD-0012,Ashley Taylor,2022-04-24,15,636.17,7920.32,0.17,971.94,Cancelled
ORD-00557,CUST-0110,PROD-0045,David Wilson,2024-02-27,11,243.03,2512.98,0.06,839.89,Completed
ORD-00558,CUST-0100,PROD-0022,Ashley Taylor,2023-01-27,9,325.84,2228.73,0.24,399.83,Completed
ORD-00559,CUST-0238,PROD-0013,James Anderson,2023-05-19,6,576.75,2906.82,0.16,385.24,Pending
ORD-00560,CUST-0165,PROD-0007,David Wilson,2023-09-21,9,225.8,1971.2,0.03,240.24,Refunded
ORD-00561,CUST-0230,PROD-0032,David Wilson,2022-01-20,1,302.91,233.24,0.23,69.83,Pending
ORD-00562,CUST-0085,PROD-0026,Ashley Taylor,2023-12-18,17,277.64,3870.26,0.18,1282.21,Refunded
ORD-00563,CUST-0217,PROD-0047,Ashley Taylor,2023-02-18,3,600.29,1548.75,0.14,156.41,Completed
ORD-00564,CUST-0138,PROD-0023,Sarah Johnson,2023-08-04,10,83.88,754.9,0.1,218.68,Cancelled
ORD-00565,CUST-0219,PROD-0022,Emily Davis,2023-07-02,15,221.28,2688.6,0.19,502.73,Pending
ORD-00566,CUST-0011,PROD-0025,Jessica Martinez,2023-07-22,10,772.1,6408.47,0.17,2364.33,Refunded
ORD-00567,CUST-0227,PROD-0041,Emily Davis,2022-03-28,7,243.98,1656.6,0.03,261.62,Refunded
ORD-00568,CUST-0017,PROD-0035,Ashley Taylor,2023-02-03,16,115.12,1602.51,0.13,561.32,Completed
ORD-00569,CUST-0087,PROD-0004,Ashley Taylor,2022-02-07,2,49.5,89.11,0.1,14.57,Pending
ORD-00570,CUST-0149,PROD-0015,John Smith,2024-01-29,2,447.21,733.43,0.18,180.91,Refunded
ORD-00571,CUST-0012,PROD-0016,David Wilson,2023-09-26,5,55.97,279.83,0.0,81.09,Completed
ORD-00572,CUST-0157,PROD-0011,Ashley Taylor,2023-04-13,3,210.17,504.4,0.2,66.53,Pending
ORD-00573,CUST-0206,PROD-0013,Michael Brown,2022-03-06,13,533.72,6383.3,0.08,2507.08,Cancelled
ORD-00574,CUST-0247,PROD-0014,David Wilson,2024-05-06,19,175.02,3192.34,0.04,379.78,Pending
ORD-00575,CUST-0107,PROD-0011,John Smith,2024-02-15,18,199.31,3444.14,0.04,596.16,Pending
ORD-00576,CUST-0203,PROD-0041,John Smith,2022-04-13,6,262.52,1575.13,0.0,387.62,Completed
ORD-00577,CUST-0238,PROD-0006,Ashley Taylor,2022-07-03,19,593.89,8801.46,0.22,1979.16,Pending
ORD-00578,CUST-0037,PROD-0041,John Smith,2022-07-31,15,226.22,3053.98,0.1,1164.87,Pending
ORD-00579,CUST-0128,PROD-0040,Emily Davis,2024-01-05,10,37.69,343.0,0.09,34.77,Pending
ORD-00580,CUST-0136,PROD-0007,Emily Davis,2022-05-01,18,201.85,3161.03,0.13,756.32,Cancelled
ORD-00581,CUST-0050,PROD-0008,John Smith,2022-02-24,16,839.33,11817.8,0.12,1748.18,Completed
ORD-00582,CUST-0094,PROD-0019,Ashley Taylor,2023-10-23,9,457.05,3784.34,0.08,1292.53,Completed
ORD-00583,CUST-0190,PROD-0004,Sarah Johnson,2022-04-17,6,62.75,361.41,0.04,39.29,Completed
ORD-00584,CUST-0185,PROD-0029,Jessica Martinez,2022-08-29,11,797.85,7898.76,0.1,2560.19,Pending
ORD-00585,CUST-0029,PROD-0021,James Anderson,2024-03-08,8,337.51,2214.08,0.18,799.21,Pending
ORD-00586,CUST-0121,PROD-0038,Ashley Taylor,2022-03-17,14,112.75,1515.4,0.04,573.38,Pending
ORD-00587,CUST-0096,PROD-0009,Emily Davis,2023-02-01,7,769.73,4526.02,0.16,1777.22,Cancelled
ORD-00588,CUST-0009,PROD-0045,Ashley Taylor,2022-05-11,9,213.57,1864.43,0.03,662.8,Refunded
ORD-00589,CUST-0195,PROD-0022,Michael Brown,2022-06-25,10,237.2,2016.23,0.15,679.2,Pending
ORD-00590,CUST-0106,PROD-0034,David Wilson,2022-03-30,7,549.15,3267.46,0.15,1147.19,Completed
ORD-00591,CUST-0110,PROD-0048,Michael Brown,2024-01-18,8,83.04,611.21,0.08,167.37,Completed
ORD-00592,CUST-0012,PROD-0003,Ashley Taylor,2023-03-04,17,640.74,10783.6,0.01,2796.58,Completed
ORD-00593,CUST-0127,PROD-0016,Emily Davis,2023-04-09,1,42.44,35.23,0.17,7.82,Pending
ORD-00594,CUST-0076,PROD-0016,Michael Brown,2023-01-03,3,54.79,164.38,0.0,49.43,Refunded
ORD-00595,CUST-0147,PROD-0048,James Anderson,2024-05-28,15,74.25,980.15,0.12,138.78,Pending
ORD-00596,CUST-0224,PROD-0024,Jessica Martinez,2024-03-19,1,68.49,53.42,0.22,6.48,Completed
ORD-00597,CUST-0110,PROD-0049,Sarah Johnson,2022-10-31,20,385.02,6622.3,0.14,2240.61,Cancelled
ORD-00598,CUST-0239,PROD-0004,Jessica Martinez,2024-01-24,12,53.5,500.72,0.22,66.74,Refunded
ORD-00599,CUST-0011,PROD-0024,Emily Davis,2023-09-26,18,61.31,904.95,0.18,242.73,Pending
ORD-00600,CUST-0062,PROD-0035,Emily Davis,2022-12-09,16,90.73,1190.37,0.18,387.68,Pending
ORD-00601,CUST-0091,PROD-0018,Jessica Martinez,2022-11-25,14,76.03,989.93,0.07,117.81,Refunded
ORD-00602,CUST-0129,PROD-0034,David Wilson,2023-05-13,16,628.81,8249.98,0.18,2503.81,Refunded
ORD-00603,CUST-0095,PROD-0044,Sarah Johnson,2023-09-28,3,510.33,1454.44,0.05,531.15,Completed
ORD-00604,CUST-0230,PROD-0012,Michael Brown,2023-02-05,3,646.73,1881.99,0.03,344.0,Refunded
ORD-00605,CUST-0224,PROD-0014,Michael Brown,2022-06-04,1,158.76,147.65,0.07,57.71,Refunded
ORD-00606,CUST-0108,PROD-0029,Emily Davis,2022-12-22,1,845.08,785.92,0.07,93.43,Cancelled
ORD-00607,CUST-0149,PROD-0022,Ashley Taylor,2023-02-26,11,286.99,2778.03,0.12,832.73,Refunded
ORD-00608,CUST-0146,PROD-0009,Ashley Taylor,2022-11-08,10,916.22,8795.69,0.04,1565.65,Cancelled
ORD-00609,CUST-0198,PROD-0004,Michael Brown,2022-10-23,10,45.23,402.56,0.11,60.35,Cancelled
ORD-00610,CUST-0250,PROD-0012,Jessica Martinez,2022-07-06,5,812.81,3901.48,0.04,526.99,Pending
ORD-00611,CUST-0067,PROD-0024,Jessica Martinez,2023-03-28,18,56.29,830.9,0.18,248.99,Pending
ORD-00612,CUST-0115,PROD-0035,James Anderson,2023-01-17,18,130.41,2159.6,0.08,812.29,Refunded
ORD-00613,CUST-0038,PROD-0030,Jessica Martinez,2024-02-26,5,899.78,4498.88,0.0,1446.61,Cancelled
ORD-00614,CUST-0230,PROD-0019,Ashley Taylor,2023-05-01,19,625.12,9858.12,0.17,3350.51,Cancelled
ORD-00615,CUST-0029,PROD-0047,David Wilson,2023-12-07,2,531.58,1031.27,0.03,273.58,Completed
ORD-00616,CUST-0159,PROD-0015,Emily Davis,2023-02-16,3,370.24,1021.86,0.08,288.62,Pending
ORD-00617,CUST-0240,PROD-0050,Sarah Johnson,2024-03-11,1,71.14,69.72,0.02,24.74,Refunded
ORD-00618,CUST-0126,PROD-0021,Jessica Martinez,2022-07-19,17,398.28,5145.79,0.24,1916.98,Refunded
ORD-00619,CUST-0184,PROD-0028,David Wilson,2022-06-01,12,188.33,2259.93,0.0,459.84,Refunded
ORD-00620,CUST-0144,PROD-0006,Ashley Taylor,2024-06-14,15,480.15,5833.77,0.19,1310.75,Cancelled
ORD-00621,CUST-0207,PROD-0047,Sarah Johnson,2022-06-17,14,643.4,7386.18,0.18,1656.41,Pending
ORD-00622,CUST-0078,PROD-0031,James Anderson,2022-08-01,17,158.39,2019.51,0.25,242.01,Completed
ORD-00623,CUST-0105,PROD-0041,Michael Brown,2022-01-07,14,294.62,3959.72,0.04,944.93,Pending
ORD-00624,CUST-0214,PROD-0025,David Wilson,2022-07-10,16,658.25,10426.75,0.01,3627.2,Refunded
ORD-00625,CUST-0190,PROD-0030,Ashley Taylor,2023-07-27,1,672.55,645.65,0.04,122.71,Completed
ORD-00626,CUST-0171,PROD-0019,John Smith,2023-11-01,16,502.95,6196.32,0.23,1818.22,Completed
ORD-00627,CUST-0071,PROD-0032,Ashley Taylor,2024-02-23,3,430.58,1097.99,0.15,228.96,Refunded
ORD-00628,CUST-0067,PROD-0041,John Smith,2024-06-08,4,270.33,984.01,0.09,314.77,Cancelled
ORD-00629,CUST-0149,PROD-0004,Michael Brown,2022-06-16,15,45.18,528.63,0.22,74.35,Completed
ORD-00630,CUST-0093,PROD-0027,Sarah Johnson,2022-10-07,12,742.06,8815.71,0.01,1652.94,Pending
ORD-00631,CUST-0161,PROD-0012,Jessica Martinez,2024-02-24,20,790.31,12803.01,0.19,3368.65,Cancelled
ORD-00632,CUST-0176,PROD-0045,Michael Brown,2022-10-05,4,224.1,779.88,0.13,160.26,Completed
ORD-00633,CUST-0133,PROD-0019,Michael Brown,2022-05-21,16,493.19,7101.88,0.1,2672.24,Completed
ORD-00634,CUST-0040,PROD-0033,Sarah Johnson,2022-08-12,7,125.45,702.5,0.2,187.99,Refunded
ORD-00635,CUST-0235,PROD-0005,David Wilson,2023-04-17,5,105.66,406.81,0.23,99.2,Cancelled
ORD-00636,CUST-0210,PROD-0029,Michael Brown,2022-05-23,20,894.59,15565.81,0.13,6086.75,Cancelled
ORD-00637,CUST-0191,PROD-0008,Emily Davis,2022-01-30,5,657.71,2729.48,0.17,524.68,Pending
ORD-00638,CUST-0109,PROD-0045,James Anderson,2022-03-22,4,230.68,904.25,0.02,300.58,Completed
ORD-00639,CUST-0028,PROD-0003,David Wilson,2022-07-21,17,596.15,8614.35,0.15,2073.69,Completed
ORD-00640,CUST-0078,PROD-0043,Emily Davis,2022-03-09,4,63.45,203.04,0.2,76.35,Pending
ORD-00641,CUST-0172,PROD-0023,Jessica Martinez,2022-07-09,5,72.23,285.31,0.21,109.15,Cancelled
ORD-00642,CUST-0219,PROD-0033,Sarah Johnson,2022-06-14,20,159.23,2993.51,0.06,811.45,Completed
ORD-00643,CUST-0056,PROD-0046,John Smith,2023-06-26,10,138.82,1332.66,0.04,434.72,Completed
ORD-00644,CUST-0236,PROD-0033,Ashley Taylor,2022-08-08,16,163.48,2380.33,0.09,658.91,Completed
ORD-00645,CUST-0214,PROD-0023,Sarah Johnson,2022-07-05,14,108.68,1445.5,0.05,243.23,Cancelled
ORD-00646,CUST-0120,PROD-0008,John Smith,2022-05-07,16,751.76,9742.8,0.19,3034.1,Completed
ORD-00647,CUST-0127,PROD-0008,Ashley Taylor,2022-12-02,15,709.08,9040.74,0.15,1750.31,Pending
ORD-00648,CUST-0105,PROD-0019,Ashley Taylor,2023-07-22,14,628.51,8359.24,0.05,1010.49,Cancelled
ORD-00649,CUST-0004,PROD-0044,Sarah Johnson,2022-07-03,4,427.71,1539.76,0.1,395.41,Completed
ORD-00650,CUST-0102,PROD-0026,Michael Brown,2022-05-27,4,291.38,944.08,0.19,347.16,Completed
ORD-00651,CUST-0250,PROD-0013,Emily Davis,2023-01-08,20,513.25,8109.34,0.21,1794.49,Refunded
ORD-00652,CUST-0128,PROD-0018,James Anderson,2024-01-13,19,84.45,1363.79,0.15,445.81,Cancelled
ORD-00653,CUST-0171,PROD-0039,Ashley Taylor,2023-05-03,16,697.22,9705.25,0.13,1399.62,Completed
ORD-00654,CUST-0065,PROD-0032,Sarah Johnson,2022-05-06,5,355.53,1759.86,0.01,565.51,Refunded
ORD-00655,CUST-0007,PROD-0012,Sarah Johnson,2023-11-26,11,675.14,7129.53,0.04,2043.25,Completed
ORD-00656,CUST-0193,PROD-0034,Ashley Taylor,2023-11-08,15,614.3,8753.8,0.05,2614.13,Cancelled
ORD-00657,CUST-0088,PROD-0035,Sarah Johnson,2023-07-10,2,110.67,166.0,0.25,60.43,Refunded
ORD-00658,CUST-0081,PROD-0025,David Wilson,2023-04-06,2,705.2,1396.3,0.01,372.81,Pending
ORD-00659,CUST-0111,PROD-0009,Ashley Taylor,2023-05-19,13,721.42,8253.08,0.12,1096.13,Refunded
ORD-00660,CUST-0144,PROD-0011,James Anderson,2023-05-03,13,184.51,2230.77,0.07,618.62,Cancelled
ORD-00661,CUST-0073,PROD-0021,Jessica Martinez,2024-02-24,19,310.58,5842.04,0.01,2051.02,Completed
ORD-00662,CUST-0229,PROD-0041,James Anderson,2024-02-23,4,233.69,831.95,0.11,330.77,Cancelled
ORD-00663,CUST-0170,PROD-0016,Sarah Johnson,2022-02-27,10,46.04,391.35,0.15,146.02,Cancelled
ORD-00664,CUST-0087,PROD-0011,James Anderson,2022-04-28,11,146.5,1595.4,0.01,474.36,Refunded
ORD-00665,CUST-0006,PROD-0045,James Anderson,2022-10-01,1,204.85,153.64,0.25,32.77,Cancelled
ORD-00666,CUST-0026,PROD-0032,Jessica Martinez,2023-08-10,7,295.54,1903.31,0.08,477.41,Pending
ORD-00667,CUST-0077,PROD-0024,Sarah Johnson,2023-09-22,7,77.94,480.09,0.12,170.05,Pending
ORD-00668,CUST-0068,PROD-0004,Sarah Johnson,2022-10-22,19,48.59,830.92,0.1,139.4,Completed
ORD-00669,CUST-0087,PROD-0018,Sarah Johnson,2023-08-30,17,61.98,927.21,0.12,151.06,Cancelled
ORD-00670,CUST-0206,PROD-0020,David Wilson,2023-06-01,18,413.13,6841.51,0.08,1534.51,Refunded
ORD-00671,CUST-0196,PROD-0036,Michael Brown,2023-11-19,1,480.55,403.66,0.16,102.88,Refunded
ORD-00672,CUST-0170,PROD-0048,James Anderson,2022-08-07,9,85.04,589.31,0.23,153.11,Completed
ORD-00673,CUST-0052,PROD-0024,David Wilson,2023-06-19,8,63.96,491.21,0.04,150.11,Refunded
ORD-00674,CUST-0082,PROD-0005,Michael Brown,2023-02-25,14,133.36,1736.37,0.07,323.16,Cancelled
ORD-00675,CUST-0154,PROD-0016,David Wilson,2023-12-05,4,49.5,190.09,0.04,20.59,Refunded
ORD-00676,CUST-0144,PROD-0028,John Smith,2023-05-13,2,192.76,366.24,0.05,66.59,Cancelled
ORD-00677,CUST-0206,PROD-0018,Ashley Taylor,2024-03-19,6,81.03,408.38,0.16,46.01,Completed
ORD-00678,CUST-0221,PROD-0006,James Anderson,2022-02-26,10,502.89,3922.58,0.22,1452.03,Cancelled
ORD-00679,CUST-0169,PROD-0006,Sarah Johnson,2023-11-19,5,522.12,2453.96,0.06,665.74,Cancelled
ORD-00680,CUST-0227,PROD-0006,James Anderson,2023-05-24,4,485.33,1572.47,0.19,305.1,Pending
ORD-00681,CUST-0056,PROD-0010,David Wilson,2023-03-10,7,543.76,2892.82,0.24,670.68,Completed
ORD-00682,CUST-0137,PROD-0024,Emily Davis,2023-05-18,4,70.5,259.43,0.08,58.93,Cancelled
ORD-00683,CUST-0201,PROD-0010,John Smith,2024-06-19,12,614.69,5827.29,0.21,619.57,Completed
ORD-00684,CUST-0235,PROD-0043,Jessica Martinez,2023-12-09,18,71.25,1154.18,0.1,336.66,Completed
ORD-00685,CUST-0222,PROD-0016,David Wilson,2023-07-02,13,59.39,772.02,0.0,299.72,Cancelled
ORD-00686,CUST-0240,PROD-0049,Ashley Taylor,2022-04-03,7,378.8,2094.78,0.21,310.17,Cancelled
ORD-00687,CUST-0208,PROD-0050,Ashley Taylor,2024-06-19,2,83.35,155.04,0.07,19.23,Refunded
ORD-00688,CUST-0106,PROD-0022,Sarah Johnson,2024-01-25,4,294.02,929.12,0.21,287.6,Cancelled
ORD-00689,CUST-0155,PROD-0047,John Smith,2023-03-07,11,607.69,5949.24,0.11,643.74,Pending
ORD-00690,CUST-0114,PROD-0042,Sarah Johnson,2023-10-08,13,74.2,916.37,0.05,175.64,Completed
ORD-00691,CUST-0064,PROD-0034,Jessica Martinez,2022-06-11,5,601.66,2376.56,0.21,726.58,Refunded
ORD-00692,CUST-0224,PROD-0048,David Wilson,2023-05-05,6,60.56,301.59,0.17,104.96,Pending
ORD-00693,CUST-0107,PROD-0024,Emily Davis,2022-03-28,13,56.22,555.48,0.24,202.92,Completed
ORD-00694,CUST-0237,PROD-0036,Emily Davis,2022-01-24,8,590.56,3637.85,0.23,1426.9,Cancelled
ORD-00695,CUST-0219,PROD-0011,Sarah Johnson,2023-12-20,20,148.85,2649.51,0.11,471.74,Cancelled
ORD-00696,CUST-0243,PROD-0037,Ashley Taylor,2022-06-24,17,217.96,3297.8,0.11,1239.96,Refunded
ORD-00697,CUST-0058,PROD-0046,Michael Brown,2022-05-02,9,139.61,1168.49,0.07,290.08,Refunded
ORD-00698,CUST-0053,PROD-0039,Michael Brown,2024-05-26,10,514.78,4221.18,0.18,661.92,Refunded
ORD-00699,CUST-0038,PROD-0002,Emily Davis,2024-03-22,9,512.07,4332.14,0.06,1019.32,Cancelled
ORD-00700,CUST-0176,PROD-0042,James Anderson,2023-08-20,1,86.19,75.85,0.12,27.41,Pending
ORD-00701,CUST-0099,PROD-0046,John Smith,2024-01-01,20,154.52,2905.02,0.06,373.54,Completed
ORD-00702,CUST-0239,PROD-0016,John Smith,2022-12-07,12,50.93,458.34,0.25,174.99,Completed
ORD-00703,CUST-0130,PROD-0040,John Smith,2022-09-17,13,30.05,324.22,0.17,45.28,Pending
ORD-00704,CUST-0044,PROD-0033,Jessica Martinez,2022-09-24,11,141.85,1217.05,0.22,169.87,Refunded
ORD-00705,CUST-0067,PROD-0008,David Wilson,2022-05-26,5,686.46,3020.42,0.12,1184.04,Cancelled
ORD-00706,CUST-0073,PROD-0017,Michael Brown,2023-03-17,9,863.33,6759.9,0.13,1559.73,Cancelled
ORD-00707,CUST-0126,PROD-0049,Ashley Taylor,2024-01-25,18,508.16,7226.01,0.21,2147.76,Completed
ORD-00708,CUST-0039,PROD-0004,Ashley Taylor,2022-07-13,2,47.07,82.84,0.12,12.35,Refunded
ORD-00709,CUST-0230,PROD-0032,Ashley Taylor,2022-04-29,12,286.6,2579.36,0.25,691.93,Refunded
ORD-00710,CUST-0217,PROD-0047,David Wilson,2022-04-26,4,619.85,2256.25,0.09,363.53,Pending
ORD-00711,CUST-0044,PROD-0048,Emily Davis,2024-05-04,9,71.97,557.09,0.14,166.54,Completed
ORD-00712,CUST-0197,PROD-0037,Sarah Johnson,2023-06-23,3,224.94,634.34,0.06,158.23,Cancelled
ORD-00713,CUST-0073,PROD-0044,Sarah Johnson,2022-01-27,4,516.88,1860.77,0.1,515.62,Cancelled
ORD-00714,CUST-0008,PROD-0006,John Smith,2022-06-07,16,536.79,7643.89,0.11,2954.83,Cancelled
ORD-00715,CUST-0168,PROD-0040,Michael Brown,2022-02-14,11,37.7,315.18,0.24,126.06,Pending
ORD-00716,CUST-0013,PROD-0042,James Anderson,2024-06-02,2,79.67,129.06,0.19,34.09,Completed
ORD-00717,CUST-0066,PROD-0012,Michael Brown,2023-02-13,13,632.17,8053.9,0.02,2864.8,Refunded
ORD-00718,CUST-0104,PROD-0019,James Anderson,2024-03-09,5,553.81,2685.99,0.03,664.12,Cancelled
ORD-00719,CUST-0155,PROD-0009,Ashley Taylor,2023-12-03,4,736.91,2328.65,0.21,591.0,Refunded
ORD-00720,CUST-0122,PROD-0018,Jessica Martinez,2023-02-02,14,77.95,1069.44,0.02,242.51,Pending
ORD-00721,CUST-0162,PROD-0028,Emily Davis,2023-03-21,17,164.93,2551.42,0.09,609.94,Pending
ORD-00722,CUST-0135,PROD-0041,Ashley Taylor,2023-05-23,3,266.22,742.75,0.07,171.73,Cancelled
ORD-00723,CUST-0033,PROD-0044,John Smith,2022-06-02,8,502.6,3498.09,0.13,659.9,Completed
ORD-00724,CUST-0132,PROD-0007,David Wilson,2022-02-16,14,193.03,2648.34,0.02,789.88,Cancelled
ORD-00725,CUST-0150,PROD-0006,Michael Brown,2022-09-18,1,608.23,589.98,0.03,176.09,Pending
ORD-00726,CUST-0101,PROD-0003,Ashley Taylor,2024-05-13,10,436.49,4015.72,0.08,1273.9,Cancelled
ORD-00727,CUST-0248,PROD-0012,Sarah Johnson,2022-12-16,3,623.43,1514.93,0.19,426.02,Refunded
ORD-00728,CUST-0005,PROD-0001,James Anderson,2023-07-02,1,300.49,288.47,0.04,70.14,Refunded
ORD-00729,CUST-0159,PROD-0040,Michael Brown,2022-11-07,13,29.78,309.68,0.2,39.11,Completed
ORD-00730,CUST-0029,PROD-0002,Michael Brown,2022-07-15,7,608.85,3366.96,0.21,548.04,Pending
ORD-00731,CUST-0216,PROD-0041,Ashley Taylor,2023-03-23,18,288.65,4935.83,0.05,939.17,Pending
ORD-00732,CUST-0109,PROD-0002,Ashley Taylor,2023-05-01,5,470.64,1929.64,0.18,450.72,Refunded
ORD-00733,CUST-0221,PROD-0029,James Anderson,2022-01-21,7,795.42,5178.17,0.07,1806.33,Completed
ORD-00734,CUST-0003,PROD-0007,David Wilson,2022-12-08,14,202.79,2157.69,0.24,765.08,Completed
ORD-00735,CUST-0103,PROD-0032,Ashley Taylor,2023-05-15,20,357.95,5512.5,0.23,2048.01,Pending
ORD-00736,CUST-0016,PROD-0034,James Anderson,2024-01-02,19,439.11,7675.58,0.08,913.8,Refunded
ORD-00737,CUST-0127,PROD-0040,Michael Brown,2022-04-30,12,37.54,400.93,0.11,92.56,Cancelled
ORD-00738,CUST-0050,PROD-0031,Jessica Martinez,2024-01-14,8,122.52,852.71,0.13,235.6,Refunded
ORD-00739,CUST-0227,PROD-0019,Jessica Martinez,2022-05-15,13,570.58,5637.35,0.24,1972.65,Refunded
ORD-00740,CUST-0249,PROD-0011,Ashley Taylor,2024-03-29,10,193.5,1606.07,0.17,202.14,Pending
ORD-00741,CUST-0052,PROD-0011,Ashley Taylor,2022-06-27,4,192.25,615.19,0.2,235.57,Cancelled
ORD-00742,CUST-0054,PROD-0036,Michael Brown,2022-08-29,1,449.05,408.64,0.09,72.84,Pending
ORD-00743,CUST-0221,PROD-0033,Emily Davis,2024-04-27,3,114.03,314.72,0.08,42.23,Completed
ORD-00744,CUST-0058,PROD-0032,David Wilson,2023-07-30,11,319.37,2810.44,0.2,929.73,Pending
ORD-00745,CUST-0177,PROD-0033,Ashley Taylor,2024-05-23,4,148.57,487.32,0.18,184.2,Refunded
ORD-00746,CUST-0194,PROD-0008,Sarah Johnson,2024-05-11,20,895.65,15225.97,0.15,5443.53,Completed
ORD-00747,CUST-0027,PROD-0011,David Wilson,2023-06-04,7,194.13,1046.38,0.23,153.93,Refunded
ORD-00748,CUST-0130,PROD-0032,Michael Brown,2024-02-20,4,391.05,1501.65,0.04,314.03,Completed
ORD-00749,CUST-0052,PROD-0029,Jessica Martinez,2024-05-18,1,920.61,865.37,0.06,296.6,Cancelled
ORD-00750,CUST-0044,PROD-0006,Michael Brown,2023-06-02,14,491.8,6265.56,0.09,1876.53,Refunded
ORD-00751,CUST-0059,PROD-0009,Jessica Martinez,2024-03-17,14,884.13,9530.87,0.23,3520.89,Completed
ORD-00752,CUST-0038,PROD-0050,Jessica Martinez,2023-03-30,17,62.21,803.77,0.24,100.82,Refunded
ORD-00753,CUST-0043,PROD-0028,John Smith,2024-03-01,2,162.26,269.36,0.17,78.77,Cancelled
ORD-00754,CUST-0103,PROD-0044,Jessica Martinez,2023-03-06,10,465.79,3819.52,0.18,741.4,Completed
ORD-00755,CUST-0072,PROD-0034,Emily Davis,2024-04-26,5,577.52,2367.82,0.18,553.73,Refunded
ORD-00756,CUST-0089,PROD-0042,Jessica Martinez,2023-12-16,7,84.19,459.69,0.22,57.59,Refunded
ORD-00757,CUST-0185,PROD-0048,Sarah Johnson,2024-01-13,17,83.27,1061.64,0.25,196.59,Cancelled
ORD-00758,CUST-0088,PROD-0049,David Wilson,2023-06-18,1,451.25,446.74,0.01,151.44,Pending
ORD-00759,CUST-0199,PROD-0020,Jessica Martinez,2024-05-02,17,466.1,7686.01,0.03,906.82,Cancelled
ORD-00760,CUST-0130,PROD-0023,John Smith,2023-10-05,4,75.85,270.03,0.11,73.38,Refunded
ORD-00761,CUST-0061,PROD-0048,Emily Davis,2022-12-14,19,86.59,1349.0,0.18,514.32,Cancelled
ORD-00762,CUST-0073,PROD-0043,Emily Davis,2022-11-03,19,89.77,1415.63,0.17,444.94,Completed
ORD-00763,CUST-0133,PROD-0038,James Anderson,2022-12-02,12,98.7,1054.11,0.11,151.76,Refunded
ORD-00764,CUST-0024,PROD-0004,Jessica Martinez,2022-03-25,5,51.47,226.46,0.12,52.96,Refunded
ORD-00765,CUST-0144,PROD-0034,Ashley Taylor,2023-08-26,9,616.94,4719.55,0.15,1373.1,Refunded
ORD-00766,CUST-0250,PROD-0027,Ashley Taylor,2024-01-20,5,797.88,3470.8,0.13,851.84,Pending
ORD-00767,CUST-0132,PROD-0034,Michael Brown,2023-12-23,7,462.29,2880.04,0.11,316.18,Cancelled
ORD-00768,CUST-0155,PROD-0027,Michael Brown,2022-05-02,12,585.55,6042.83,0.14,677.31,Completed
ORD-00769,CUST-0079,PROD-0024,James Anderson,2023-01-16,16,59.57,943.57,0.01,134.8,Completed
ORD-00770,CUST-0228,PROD-0019,Sarah Johnson,2022-11-09,16,458.37,7333.93,0.0,1938.07,Completed
ORD-00771,CUST-0124,PROD-0037,Ashley Taylor,2023-03-04,15,239.2,2762.74,0.23,923.87,Pending
ORD-00772,CUST-0036,PROD-0033,Jessica Martinez,2024-02-20,15,150.52,1873.93,0.17,271.15,Completed
ORD-00773,CUST-0160,PROD-0043,John Smith,2024-03-30,13,84.29,1030.03,0.06,225.18,Refunded
ORD-00774,CUST-0072,PROD-0042,David Wilson,2024-01-24,6,72.43,356.35,0.18,96.78,Completed
ORD-00775,CUST-0144,PROD-0006,Emily Davis,2023-10-22,20,474.76,8165.81,0.14,2672.54,Refunded
ORD-00776,CUST-0230,PROD-0002,Emily Davis,2023-05-30,18,471.55,8148.47,0.04,861.23,Pending
ORD-00777,CUST-0181,PROD-0038,John Smith,2024-04-29,18,110.82,1695.52,0.15,373.93,Refunded
ORD-00778,CUST-0240,PROD-0002,Jessica Martinez,2024-06-01,6,523.94,2829.28,0.1,1012.58,Refunded
ORD-00779,CUST-0024,PROD-0008,David Wilson,2022-09-21,18,897.27,15504.77,0.04,2220.44,Completed
ORD-00780,CUST-0079,PROD-0027,John Smith,2022-06-07,2,754.67,1282.94,0.15,253.49,Completed
ORD-00781,CUST-0100,PROD-0007,Sarah Johnson,2022-11-02,14,177.49,1938.17,0.22,343.79,Completed
ORD-00782,CUST-0062,PROD-0049,James Anderson,2022-07-27,8,444.25,3127.52,0.12,1018.69,Completed
ORD-00783,CUST-0016,PROD-0021,Emily Davis,2022-10-03,14,375.88,5157.14,0.02,560.44,Completed
ORD-00784,CUST-0142,PROD-0038,Michael Brown,2022-10-03,8,121.93,790.14,0.19,233.46,Cancelled
ORD-00785,CUST-0105,PROD-0029,Jessica Martinez,2023-08-05,17,632.15,10209.25,0.05,3985.42,Pending
ORD-00786,CUST-0063,PROD-0035,Ashley Taylor,2024-03-11,18,129.36,2072.32,0.11,207.85,Cancelled
ORD-00787,CUST-0249,PROD-0011,James Anderson,2023-10-31,16,145.01,2157.68,0.07,378.17,Cancelled
ORD-00788,CUST-0162,PROD-0014,Sarah Johnson,2024-05-12,17,163.06,2578.02,0.07,382.64,Cancelled
ORD-00789,CUST-0102,PROD-0045,James Anderson,2022-04-02,5,174.33,714.74,0.18,285.64,Pending
ORD-00790,CUST-0130,PROD-0021,Ashley Taylor,2023-09-18,11,443.73,4100.07,0.16,1614.99,Cancelled
ORD-00791,CUST-0170,PROD-0021,Michael Brown,2022-09-09,15,355.94,4057.74,0.24,805.61,Completed
ORD-00792,CUST-0122,PROD-0001,Ashley Taylor,2023-09-16,6,368.07,1987.58,0.1,732.58,Refunded
ORD-00793,CUST-0021,PROD-0042,Ashley Taylor,2023-07-06,18,93.38,1664.0,0.01,581.78,Completed
ORD-00794,CUST-0249,PROD-0025,John Smith,2022-12-28,12,823.23,8890.92,0.1,3127.33,Completed
ORD-00795,CUST-0095,PROD-0013,Jessica Martinez,2023-04-19,8,538.01,3486.33,0.19,1141.86,Pending
ORD-00796,CUST-0209,PROD-0040,Jessica Martinez,2022-04-03,8,33.33,250.63,0.06,62.19,Completed
ORD-00797,CUST-0127,PROD-0046,James Anderson,2022-10-15,7,173.74,1216.21,0.0,480.74,Completed
ORD-00798,CUST-0072,PROD-0037,Michael Brown,2024-06-09,6,260.24,1342.84,0.14,400.1,Completed
ORD-00799,CUST-0033,PROD-0048,David Wilson,2023-08-26,9,58.48,405.25,0.23,144.53,Pending
ORD-00800,CUST-0174,PROD-0002,Ashley Taylor,2024-05-18,18,679.42,10395.14,0.15,3162.24,Completed
ORD-00801,CUST-0165,PROD-0044,James Anderson,2023-03-14,2,509.91,805.66,0.21,158.63,Cancelled
ORD-00802,CUST-0175,PROD-0034,Emily Davis,2022-05-05,12,543.86,5677.87,0.13,641.82,Completed
ORD-00803,CUST-0236,PROD-0027,Sarah Johnson,2022-10-12,11,711.16,7822.76,0.0,1238.99,Completed
ORD-00804,CUST-0058,PROD-0045,Jessica Martinez,2024-01-26,3,200.81,463.88,0.23,73.79,Cancelled
ORD-00805,CUST-0161,PROD-0041,Jessica Martinez,2022-03-06,16,207.7,2957.65,0.11,317.08,Cancelled
ORD-00806,CUST-0028,PROD-0031,Emily Davis,2022-09-11,11,116.64,1013.64,0.21,351.22,Completed
ORD-00807,CUST-0154,PROD-0040,Sarah Johnson,2024-03-05,4,30.82,103.56,0.16,28.34,Completed
ORD-00808,CUST-0097,PROD-0021,Ashley Taylor,2022-02-04,3,444.73,1067.34,0.2,126.59,Completed
ORD-00809,CUST-0157,PROD-0041,David Wilson,2022-11-05,4,243.32,807.83,0.17,216.32,Refunded
ORD-00810,CUST-0025,PROD-0040,John Smith,2023-02-16,8,35.03,218.59,0.22,73.5,Refunded
ORD-00811,CUST-0119,PROD-0028,John Smith,2023-01-29,20,231.49,4490.83,0.03,1326.04,Refunded
ORD-00812,CUST-0085,PROD-0038,Emily Davis,2023-06-14,4,98.7,394.78,0.0,123.96,Pending
ORD-00813,CUST-0131,PROD-0017,Emily Davis,2023-10-15,16,773.32,10145.94,0.18,2367.93,Pending
ORD-00814,CUST-0012,PROD-0004,Jessica Martinez,2024-03-27,19,44.77,756.99,0.11,293.65,Cancelled
ORD-00815,CUST-0227,PROD-0035,David Wilson,2023-08-21,5,121.2,533.3,0.12,149.86,Cancelled
ORD-00816,CUST-0133,PROD-0038,John Smith,2022-01-09,5,121.1,599.43,0.01,151.14,Refunded
ORD-00817,CUST-0051,PROD-0013,Ashley Taylor,2022-12-19,7,583.82,3269.4,0.2,661.94,Refunded
ORD-00818,CUST-0178,PROD-0022,James Anderson,2023-09-07,19,309.4,4467.72,0.24,1272.54,Cancelled
ORD-00819,CUST-0027,PROD-0030,Emily Davis,2022-06-16,2,883.07,1554.21,0.12,584.36,Pending
ORD-00820,CUST-0160,PROD-0014,James Anderson,2023-04-23,11,139.95,1231.58,0.2,262.05,Pending
ORD-00821,CUST-0002,PROD-0024,David Wilson,2024-04-25,12,51.48,611.58,0.01,82.29,Refunded
ORD-00822,CUST-0162,PROD-0038,Emily Davis,2022-07-19,12,133.38,1584.51,0.01,172.56,Cancelled
ORD-00823,CUST-0057,PROD-0017,Emily Davis,2022-06-28,11,900.35,7824.03,0.21,1359.73,Completed
ORD-00824,CUST-0216,PROD-0017,Sarah Johnson,2022-06-30,1,967.39,764.24,0.21,107.89,Cancelled
ORD-00825,CUST-0079,PROD-0030,James Anderson,2022-08-04,12,677.6,6748.93,0.17,2580.44,Completed
ORD-00826,CUST-0037,PROD-0009,Jessica Martinez,2022-05-02,7,881.84,5370.41,0.13,1655.73,Refunded
ORD-00827,CUST-0063,PROD-0003,Michael Brown,2023-10-14,19,589.41,10638.79,0.05,2772.9,Cancelled
ORD-00828,CUST-0014,PROD-0041,Ashley Taylor,2022-09-11,5,281.99,1113.87,0.21,434.98,Pending
ORD-00829,CUST-0021,PROD-0031,Jessica Martinez,2024-01-15,20,147.41,2889.16,0.02,729.76,Refunded
ORD-00830,CUST-0119,PROD-0012,Ashley Taylor,2023-06-16,12,656.81,6857.14,0.13,1679.92,Refunded
ORD-00831,CUST-0149,PROD-0026,Emily Davis,2022-10-02,19,284.88,4546.72,0.16,737.3,Refunded
ORD-00832,CUST-0061,PROD-0026,Jessica Martinez,2024-06-02,14,236.99,2587.9,0.22,702.38,Cancelled
ORD-00833,CUST-0022,PROD-0009,John Smith,2023-07-18,10,867.45,7720.31,0.11,1586.31,Refunded
ORD-00834,CUST-0160,PROD-0022,Ashley Taylor,2023-06-09,15,260.76,3481.12,0.11,731.92,Cancelled
ORD-00835,CUST-0098,PROD-0002,Sarah Johnson,2022-10-07,8,485.69,3613.55,0.07,443.62,Cancelled
ORD-00836,CUST-0129,PROD-0033,Sarah Johnson,2024-05-12,3,145.1,348.23,0.2,131.62,Completed
ORD-00837,CUST-0093,PROD-0003,David Wilson,2022-03-15,11,540.58,5649.07,0.05,1122.88,Cancelled
ORD-00838,CUST-0181,PROD-0039,David Wilson,2022-07-15,18,709.1,9828.16,0.23,1007.98,Cancelled
ORD-00839,CUST-0089,PROD-0026,Michael Brown,2024-04-22,19,320.01,4925.01,0.19,510.07,Refunded
ORD-00840,CUST-0059,PROD-0047,Ashley Taylor,2022-08-22,16,593.06,8919.57,0.06,2462.7,Refunded
ORD-00841,CUST-0203,PROD-0006,James Anderson,2022-12-15,7,502.7,3131.84,0.11,1198.18,Pending
ORD-00842,CUST-0116,PROD-0036,John Smith,2023-03-26,5,445.06,1913.74,0.14,265.06,Refunded
ORD-00843,CUST-0169,PROD-0023,David Wilson,2024-04-09,14,84.12,1048.16,0.11,341.48,Cancelled
ORD-00844,CUST-0006,PROD-0037,Jessica Martinez,2023-08-25,5,291.71,1400.19,0.04,540.18,Refunded
ORD-00845,CUST-0053,PROD-0026,Ashley Taylor,2023-01-26,13,219.3,2708.4,0.05,359.11,Cancelled
ORD-00846,CUST-0044,PROD-0007,Ashley Taylor,2022-04-06,6,206.42,1226.11,0.01,376.06,Completed
ORD-00847,CUST-0051,PROD-0005,Sarah Johnson,2022-07-11,13,148.21,1791.9,0.07,304.47,Refunded
ORD-00848,CUST-0095,PROD-0034,Michael Brown,2022-02-28,11,437.24,3799.62,0.21,848.3,Completed
ORD-00849,CUST-0138,PROD-0027,Emily Davis,2022-05-13,3,695.04,1876.61,0.1,696.37,Pending
ORD-00850,CUST-0053,PROD-0020,David Wilson,2024-06-10,16,413.01,6343.78,0.04,1728.85,Pending
ORD-00851,CUST-0184,PROD-0044,Sarah Johnson,2023-05-30,7,421.76,2952.3,0.0,421.61,Refunded
ORD-00852,CUST-0207,PROD-0016,John Smith,2023-09-12,19,52.13,772.54,0.22,183.91,Completed
ORD-00853,CUST-0166,PROD-0030,Michael Brown,2022-10-22,10,712.06,6408.5,0.1,2223.93,Refunded
ORD-00854,CUST-0046,PROD-0040,Sarah Johnson,2022-09-13,15,34.78,469.51,0.1,139.78,Refunded
ORD-00855,CUST-0243,PROD-0003,David Wilson,2023-12-17,6,471.67,2631.94,0.07,759.12,Completed
ORD-00856,CUST-0186,PROD-0047,Sarah Johnson,2023-12-16,16,627.89,9041.67,0.1,2970.72,Cancelled
ORD-00857,CUST-0194,PROD-0007,Emily Davis,2022-03-20,11,192.52,1905.92,0.1,284.84,Completed
ORD-00858,CUST-0007,PROD-0005,Emily Davis,2023-04-19,15,133.63,1803.96,0.1,584.1,Refunded
ORD-00859,CUST-0003,PROD-0017,Ashley Taylor,2022-02-08,5,689.19,3170.26,0.08,1029.08,Refunded
ORD-00860,CUST-0022,PROD-0036,Michael Brown,2022-03-11,15,592.9,8537.73,0.04,2955.15,Pending
ORD-00861,CUST-0005,PROD-0039,Michael Brown,2024-05-08,10,486.2,4716.18,0.03,1520.66,Completed
ORD-00862,CUST-0196,PROD-0001,John Smith,2023-11-19,5,338.17,1504.88,0.11,230.82,Pending
ORD-00863,CUST-0179,PROD-0004,Sarah Johnson,2023-03-29,17,60.75,867.54,0.16,273.21,Refunded
ORD-00864,CUST-0079,PROD-0029,Emily Davis,2023-12-08,1,621.9,615.68,0.01,131.27,Pending
ORD-00865,CUST-0233,PROD-0016,Jessica Martinez,2023-01-19,1,45.0,40.05,0.11,15.89,Pending
ORD-00866,CUST-0172,PROD-0005,Michael Brown,2023-11-28,4,111.23,355.94,0.2,124.27,Pending
ORD-00867,CUST-0107,PROD-0033,Emily Davis,2022-02-15,11,118.6,1200.22,0.08,345.71,Refunded
ORD-00868,CUST-0031,PROD-0015,Jessica Martinez,2023-03-15,12,332.91,3675.34,0.08,384.07,Completed
ORD-00869,CUST-0055,PROD-0030,Sarah Johnson,2023-02-03,9,671.12,5073.7,0.16,1069.0,Pending
ORD-00870,CUST-0078,PROD-0050,Michael Brown,2023-02-25,4,81.83,268.42,0.18,90.56,Cancelled
ORD-00871,CUST-0154,PROD-0021,Michael Brown,2022-04-08,13,459.51,4958.13,0.17,1942.15,Cancelled
ORD-00872,CUST-0163,PROD-0049,Sarah Johnson,2022-06-29,11,496.2,4148.2,0.24,1244.09,Cancelled
ORD-00873,CUST-0156,PROD-0038,John Smith,2022-01-19,17,111.04,1585.7,0.16,269.14,Pending
ORD-00874,CUST-0158,PROD-0049,Emily Davis,2022-01-22,10,498.52,4686.04,0.06,1070.99,Completed
ORD-00875,CUST-0036,PROD-0024,John Smith,2022-03-03,7,64.96,436.52,0.04,70.42,Pending
ORD-00876,CUST-0154,PROD-0029,John Smith,2024-01-13,11,845.58,9022.36,0.03,1761.72,Refunded
ORD-00877,CUST-0209,PROD-0019,Emily Davis,2023-10-26,8,576.68,3644.59,0.21,726.66,Pending
ORD-00878,CUST-0014,PROD-0043,Jessica Martinez,2023-07-07,8,96.69,657.46,0.15,140.99,Pending
ORD-00879,CUST-0162,PROD-0001,Michael Brown,2023-03-29,16,256.41,4020.58,0.02,634.2,Pending
ORD-00880,CUST-0024,PROD-0012,Ashley Taylor,2022-05-09,7,738.45,4858.97,0.06,599.84,Cancelled
ORD-00881,CUST-0185,PROD-0013,Ashley Taylor,2022-06-18,6,491.35,2505.86,0.15,478.44,Pending
ORD-00882,CUST-0221,PROD-0031,Ashley Taylor,2022-10-06,12,107.83,1164.56,0.1,175.07,Refunded
ORD-00883,CUST-0157,PROD-0048,John Smith,2023-06-02,5,69.68,278.74,0.2,94.23,Refunded
ORD-00884,CUST-0219,PROD-0006,Michael Brown,2023-03-14,10,605.96,5150.68,0.15,751.17,Cancelled
ORD-00885,CUST-0119,PROD-0020,Jessica Martinez,2023-01-25,13,416.87,4660.58,0.14,1138.36,Pending
ORD-00886,CUST-0121,PROD-0013,Jessica Martinez,2024-01-03,7,470.26,3291.83,0.0,1180.11,Refunded
ORD-00887,CUST-0237,PROD-0027,Sarah Johnson,2023-02-19,12,832.55,8991.52,0.1,1729.46,Refunded
ORD-00888,CUST-0236,PROD-0008,David Wilson,2022-02-09,19,709.09,12933.84,0.04,4253.75,Cancelled
ORD-00889,CUST-0182,PROD-0032,James Anderson,2023-06-06,12,376.32,3748.15,0.17,1106.72,Pending
ORD-00890,CUST-0123,PROD-0003,Michael Brown,2022-09-06,12,625.03,6300.35,0.16,1908.55,Cancelled
ORD-00891,CUST-0117,PROD-0044,Michael Brown,2023-09-12,8,365.02,2482.12,0.15,956.94,Completed
ORD-00892,CUST-0198,PROD-0006,Sarah Johnson,2022-04-30,13,579.45,6779.56,0.1,1870.13,Pending
ORD-00893,CUST-0109,PROD-0011,James Anderson,2024-06-16,9,209.73,1566.69,0.17,391.98,Cancelled
ORD-00894,CUST-0106,PROD-0049,Jessica Martinez,2024-01-22,3,494.83,1439.94,0.03,391.35,Pending
ORD-00895,CUST-0192,PROD-0014,Michael Brown,2022-10-03,13,186.09,2007.88,0.17,204.66,Refunded
ORD-00896,CUST-0025,PROD-0005,James Anderson,2022-01-02,14,140.85,1715.52,0.13,508.41,Pending
ORD-00897,CUST-0096,PROD-0012,Sarah Johnson,2022-06-30,7,772.03,4755.7,0.12,1192.65,Refunded
ORD-00898,CUST-0209,PROD-0014,Emily Davis,2023-08-04,2,136.39,220.95,0.19,75.73,Cancelled
ORD-00899,CUST-0105,PROD-0029,Sarah Johnson,2024-06-11,20,808.97,15694.02,0.03,4565.86,Cancelled
ORD-00900,CUST-0097,PROD-0008,Ashley Taylor,2022-03-29,11,674.91,7349.81,0.01,1252.66,Completed
ORD-00901,CUST-0016,PROD-0018,John Smith,2022-01-10,1,84.03,69.74,0.17,23.49,Completed
ORD-00902,CUST-0134,PROD-0001,Ashley Taylor,2022-08-05,17,297.92,3798.44,0.25,1247.44,Refunded
ORD-00903,CUST-0087,PROD-0039,Jessica Martinez,2024-02-15,12,567.9,5656.28,0.17,1147.79,Pending
ORD-00904,CUST-0171,PROD-0026,Sarah Johnson,2023-01-05,2,255.24,387.96,0.24,140.41,Completed
ORD-00905,CUST-0223,PROD-0045,David Wilson,2023-04-13,5,198.88,984.44,0.01,134.74,Pending
ORD-00906,CUST-0116,PROD-0040,John Smith,2023-01-13,16,34.15,475.32,0.13,141.68,Cancelled
ORD-00907,CUST-0163,PROD-0024,Ashley Taylor,2022-01-18,11,75.29,687.4,0.17,116.9,Refunded
ORD-00908,CUST-0157,PROD-0006,Sarah Johnson,2024-01-27,16,510.87,6130.44,0.25,2189.36,Refunded
ORD-00909,CUST-0156,PROD-0013,John Smith,2022-10-28,17,600.51,7962.74,0.22,2671.17,Pending
ORD-00910,CUST-0204,PROD-0006,Ashley Taylor,2023-05-25,18,499.99,6749.82,0.25,1620.23,Completed
ORD-00911,CUST-0170,PROD-0035,Sarah Johnson,2023-05-09,7,96.59,649.1,0.04,248.78,Completed
ORD-00912,CUST-0184,PROD-0002,Emily Davis,2023-03-22,11,481.08,4074.77,0.23,1344.24,Cancelled
ORD-00913,CUST-0122,PROD-0043,Ashley Taylor,2023-11-13,5,67.28,259.05,0.23,75.14,Completed
ORD-00914,CUST-0178,PROD-0022,Jessica Martinez,2024-03-25,19,311.67,4796.68,0.19,1344.05,Refunded
ORD-00915,CUST-0191,PROD-0048,Emily Davis,2024-01-05,18,78.55,1074.63,0.24,248.33,Pending
ORD-00916,CUST-0030,PROD-0019,Emily Davis,2022-09-23,3,430.09,1174.13,0.09,326.01,Completed
ORD-00917,CUST-0095,PROD-0009,John Smith,2023-08-10,13,901.27,10076.2,0.14,1012.69,Pending
ORD-00918,CUST-0100,PROD-0028,Michael Brown,2024-05-17,12,184.1,1767.36,0.2,671.91,Pending
ORD-00919,CUST-0102,PROD-0001,David Wilson,2022-04-20,15,319.62,4410.7,0.08,1521.01,Pending
ORD-00920,CUST-0175,PROD-0030,John Smith,2023-05-27,10,647.65,6217.4,0.04,1862.77,Cancelled
ORD-00921,CUST-0129,PROD-0045,Ashley Taylor,2022-11-13,19,174.37,2915.48,0.12,1016.35,Cancelled
ORD-00922,CUST-0248,PROD-0025,Emily Davis,2023-12-23,11,587.53,6204.27,0.04,1954.53,Completed
ORD-00923,CUST-0199,PROD-0012,Michael Brown,2024-06-05,13,818.07,9890.45,0.07,3407.3,Completed
ORD-00924,CUST-0101,PROD-0022,James Anderson,2023-07-16,16,260.34,3124.07,0.25,1022.55,Completed
ORD-00925,CUST-0187,PROD-0019,Sarah Johnson,2023-06-25,7,473.14,2715.82,0.18,718.07,Pending
ORD-00926,CUST-0193,PROD-0038,Ashley Taylor,2022-11-28,2,131.12,207.17,0.21,64.82,Pending
ORD-00927,CUST-0036,PROD-0029,Emily Davis,2023-08-15,10,831.48,6485.55,0.22,1056.69,Completed
ORD-00928,CUST-0186,PROD-0037,Michael Brown,2023-01-06,5,216.26,984.0,0.09,388.49,Completed
ORD-00929,CUST-0092,PROD-0031,Jessica Martinez,2022-04-09,2,113.38,219.95,0.03,56.01,Refunded
ORD-00930,CUST-0161,PROD-0047,David Wilson,2022-06-02,2,514.52,998.17,0.03,218.59,Pending
ORD-00931,CUST-0191,PROD-0025,James Anderson,2023-10-31,3,807.4,1961.99,0.19,705.27,Cancelled
ORD-00932,CUST-0168,PROD-0029,Emily Davis,2023-10-10,4,724.45,2810.88,0.03,384.01,Completed
ORD-00933,CUST-0147,PROD-0037,Ashley Taylor,2023-08-24,4,257.94,825.41,0.2,127.38,Refunded
ORD-00934,CUST-0147,PROD-0009,Michael Brown,2022-11-02,3,650.59,1600.46,0.18,574.03,Refunded
ORD-00935,CUST-0180,PROD-0002,Sarah Johnson,2024-04-12,18,536.78,7729.62,0.2,2002.17,Completed
ORD-00936,CUST-0193,PROD-0014,Michael Brown,2024-02-11,4,188.47,716.18,0.05,200.34,Completed
ORD-00937,CUST-0115,PROD-0021,Sarah Johnson,2023-07-23,5,320.56,1378.39,0.14,407.72,Cancelled
ORD-00938,CUST-0193,PROD-0003,Michael Brown,2024-05-21,4,436.79,1520.02,0.13,317.79,Refunded
ORD-00939,CUST-0001,PROD-0016,Ashley Taylor,2023-11-05,17,47.2,617.86,0.23,116.17,Pending
ORD-00940,CUST-0126,PROD-0045,Sarah Johnson,2023-08-14,12,191.05,1948.73,0.15,493.37,Completed
ORD-00941,CUST-0010,PROD-0013,Emily Davis,2022-08-31,7,467.21,2485.56,0.24,697.56,Cancelled
ORD-00942,CUST-0033,PROD-0047,Michael Brown,2022-10-12,3,564.2,1455.63,0.14,259.4,Refunded
ORD-00943,CUST-0022,PROD-0017,David Wilson,2023-04-13,5,885.56,3852.19,0.13,466.76,Pending
ORD-00944,CUST-0096,PROD-0037,Michael Brown,2024-01-02,17,277.57,4010.91,0.15,906.09,Cancelled
ORD-00945,CUST-0112,PROD-0025,Sarah Johnson,2024-03-17,20,577.44,10855.8,0.06,1965.31,Refunded
ORD-00946,CUST-0085,PROD-0041,Emily Davis,2022-03-09,11,206.88,1843.27,0.19,265.24,Cancelled
ORD-00947,CUST-0026,PROD-0025,Sarah Johnson,2022-01-11,8,869.85,6332.5,0.09,832.73,Pending
ORD-00948,CUST-0187,PROD-0020,David Wilson,2023-06-24,16,441.26,6919.0,0.02,1416.11,Cancelled
ORD-00949,CUST-0026,PROD-0004,James Anderson,2023-09-15,13,45.74,564.85,0.05,193.08,Refunded
ORD-00950,CUST-0033,PROD-0017,Michael Brown,2023-08-30,17,652.42,9094.77,0.18,2703.59,Refunded
ORD-00951,CUST-0189,PROD-0018,James Anderson,2023-08-05,12,61.52,605.31,0.18,105.77,Refunded
ORD-00952,CUST-0113,PROD-0023,Emily Davis,2022-07-07,17,101.68,1607.61,0.07,620.19,Cancelled
ORD-00953,CUST-0220,PROD-0006,Sarah Johnson,2023-10-13,14,649.65,7367.01,0.19,2604.78,Completed
ORD-00954,CUST-0062,PROD-0006,Ashley Taylor,2024-01-18,2,468.43,918.12,0.02,170.55,Completed
ORD-00955,CUST-0174,PROD-0033,Sarah Johnson,2023-03-11,5,168.38,740.88,0.12,188.56,Refunded
ORD-00956,CUST-0158,PROD-0013,Jessica Martinez,2022-01-15,1,647.01,530.55,0.18,164.88,Pending
ORD-00957,CUST-0170,PROD-0034,Emily Davis,2024-01-27,2,594.76,1011.09,0.15,393.71,Pending
ORD-00958,CUST-0094,PROD-0009,Jessica Martinez,2022-03-18,2,788.33,1403.23,0.11,299.91,Completed
ORD-00959,CUST-0234,PROD-0044,David Wilson,2022-12-13,18,383.66,5455.7,0.21,1949.55,Cancelled
ORD-00960,CUST-0076,PROD-0017,John Smith,2023-05-10,19,723.57,12373.1,0.1,4663.63,Refunded
ORD-00961,CUST-0218,PROD-0032,Jessica Martinez,2023-09-25,1,289.12,245.75,0.15,48.8,Completed
ORD-00962,CUST-0090,PROD-0047,Emily Davis,2022-01-06,12,464.95,5579.41,0.0,1279.03,Completed
ORD-00963,CUST-0132,PROD-0010,David Wilson,2023-06-26,16,627.91,10046.48,0.0,3323.72,Pending
ORD-00964,CUST-0102,PROD-0024,David Wilson,2023-04-27,14,59.46,649.29,0.22,169.42,Completed
ORD-00965,CUST-0169,PROD-0029,Emily Davis,2023-03-26,12,657.53,6391.2,0.19,650.26,Completed
ORD-00966,CUST-0073,PROD-0003,Michael Brown,2022-07-14,14,447.83,5078.34,0.19,1880.51,Pending
ORD-00967,CUST-0246,PROD-0043,Michael Brown,2023-05-06,4,96.5,343.54,0.11,91.05,Cancelled
ORD-00968,CUST-0196,PROD-0050,James Anderson,2024-02-09,17,91.26,1272.17,0.18,410.36,Pending
ORD-00969,CUST-0246,PROD-0007,Emily Davis,2022-04-23,5,216.02,1036.9,0.04,259.23,Completed
ORD-00970,CUST-0213,PROD-0022,David Wilson,2023-11-26,20,261.16,4283.1,0.18,986.39,Cancelled
ORD-00971,CUST-0022,PROD-0049,Emily Davis,2023-05-13,20,413.83,7945.51,0.04,2013.17,Cancelled
ORD-00972,CUST-0030,PROD-0017,Ashley Taylor,2024-02-25,8,996.61,6617.51,0.17,1513.74,Completed
ORD-00973,CUST-0187,PROD-0033,Michael Brown,2023-12-19,7,148.99,782.17,0.25,216.94,Pending
ORD-00974,CUST-0034,PROD-0026,Emily Davis,2022-05-04,7,216.41,1166.45,0.23,265.82,Completed
ORD-00975,CUST-0014,PROD-0025,Emily Davis,2024-06-04,10,694.39,5693.98,0.18,2243.64,Cancelled
ORD-00976,CUST-0123,PROD-0004,David Wilson,2023-03-13,2,53.39,98.23,0.08,17.76,Cancelled
ORD-00977,CUST-0108,PROD-0016,Jessica Martinez,2023-12-30,2,47.62,90.48,0.05,9.06,Pending
ORD-00978,CUST-0121,PROD-0018,Ashley Taylor,2022-10-20,4,89.07,317.1,0.11,55.71,Cancelled
ORD-00979,CUST-0078,PROD-0008,Michael Brown,2022-12-09,1,618.02,512.96,0.17,169.86,Cancelled
ORD-00980,CUST-0190,PROD-0024,David Wilson,2023-01-05,19,71.69,1185.07,0.13,250.62,Pending
ORD-00981,CUST-0099,PROD-0006,John Smith,2023-08-22,5,635.69,2669.9,0.16,749.04,Pending
ORD-00982,CUST-0181,PROD-0029,David Wilson,2022-07-17,3,906.24,2066.22,0.24,590.33,Refunded
ORD-00983,CUST-0052,PROD-0035,David Wilson,2024-02-19,2,118.68,230.25,0.03,51.91,Cancelled
ORD-00984,CUST-0115,PROD-0041,John Smith,2023-01-10,14,273.67,3754.77,0.02,847.46,Pending
ORD-00985,CUST-0071,PROD-0045,Emily Davis,2023-09-06,10,248.68,2461.91,0.01,664.35,Refunded
ORD-00986,CUST-0176,PROD-0035,James Anderson,2023-05-22,3,125.57,361.63,0.04,117.61,Refunded
ORD-00987,CUST-0156,PROD-0018,John Smith,2023-02-15,1,66.48,63.82,0.04,10.55,Refunded
ORD-00988,CUST-0182,PROD-0047,David Wilson,2023-05-31,10,542.07,4282.36,0.21,808.98,Completed
ORD-00989,CUST-0058,PROD-0003,David Wilson,2022-06-25,10,537.78,5324.0,0.01,769.01,Pending
ORD-00990,CUST-0224,PROD-0004,Sarah Johnson,2022-10-04,8,56.37,338.25,0.25,55.13,Completed
ORD-00991,CUST-0089,PROD-0041,David Wilson,2023-10-27,12,261.75,2889.69,0.08,1109.43,Pending
ORD-00992,CUST-0230,PROD-0040,Jessica Martinez,2023-02-23,2,28.89,48.54,0.16,5.01,Pending
ORD-00993,CUST-0248,PROD-0018,Sarah Johnson,2024-01-19,1,65.51,56.99,0.13,22.43,Refunded
ORD-00994,CUST-0066,PROD-0041,Jessica Martinez,2023-11-01,18,264.85,4528.87,0.05,1053.67,Cancelled
ORD-00995,CUST-0149,PROD-0041,James Anderson,2022-07-28,13,283.28,3535.35,0.04,599.3,Cancelled
ORD-00996,CUST-0231,PROD-0031,Michael Brown,2022-06-01,6,108.59,579.88,0.11,199.87,Pending
ORD-00997,CUST-0126,PROD-0047,Michael Brown,2023-08-07,10,463.64,4590.06,0.01,683.35,Refunded
ORD-00998,CUST-0156,PROD-0013,James Anderson,2023-12-05,3,450.33,1202.38,0.11,284.37,Completed
ORD-00999,CUST-0135,PROD-0009,John Smith,2024-01-12,1,859.19,730.31,0.15,155.82,Completed
ORD-01000,CUST-0004,PROD-0049,David Wilson,2024-04-26,2,486.52,943.85,0.03,312.45,Pending
